table,index,type,is_pk,is_unique,columns
ACCOUNT,PK_ACCOUNT,CLUSTERED,True,True,ACCOUNT_ID
ACCOUNT,INNO_ACCOUNT_DESCIPTION,NONCLUSTERED,False,False,ACCOUNT_DESCIPTION
ACCOUNT,INNO_APP_ID_INDEX,NONCLUSTERED,False,False,APP_ID
ACCOUNT,INNO_CONTRACT_ID_INDEX,NONCLUSTERED,False,False,CONTRACT_ID
ACCOUNT,INNO_REPAY_ID,NONCLUSTERED,False,False,REPAY_ID
ACCOUNT_CHECK_GL,PK_ACCOUNT_CHECK_GL,CLUSTERED,True,True,SEQ_ID
ACCOUNT_GENERAL,PK_ACCOUNT_GENERAL,CLUSTERED,True,True,GENERAL_ID
ACCOUNT_LOG,PK__ACCOUNT___3214EC2713EEE757,CLUSTERED,True,True,ID
ACCOUNT_LOG_BK20230809,PK__ACCOUNT___3214EC27E78BEF9B,CLUSTERED,True,True,ID
ACCOUNT_PAYABLE,PK_ACCCOUNT_PAYABLE,CLUSTERED,True,True,PAYABLE_ID
ACCOUNT_RECEIVABLE,PK_ACCOUNT_RECEIVABLE,CLUSTERED,True,True,RECEIVABLE_ID
ACCOUNT_RECEIVABLE_TEST_DayEnd,PK_ACCOUNT_RECEIVABLE_TEST_DayEnd,CLUSTERED,True,True,RECEIVABLE_ID
ACCOUNT_TEST_DayEnd,PK_ACCOUNT_TEST_DayEnd,CLUSTERED,True,True,ACCOUNT_ID
ADDRESS,PK_Address,CLUSTERED,True,True,ADDRESS_ID
ADDRESS,INNO_A_DISTRICT_WORK,NONCLUSTERED,False,False,A_DISTRICT_WORK
ADDRESS,INNO_A_PROVINCE_WORK,NONCLUSTERED,False,False,A_PROVINCE_WORK
ADDRESS,INNO_A_SUBDISTRICT_WORK,NONCLUSTERED,False,False,A_SUBDISTRICT_WORK
ADDRESS,INNO_A2_DISTRICT,NONCLUSTERED,False,False,A2_DISTRICT
ADDRESS,INNO_A2_PROVINCE,NONCLUSTERED,False,False,A2_PROVINCE
ADDRESS,INNO_A2_SUBDISTRICT,NONCLUSTERED,False,False,A2_SUBDISTRICT
ADDRESS,INNO_PERSON_ID,NONCLUSTERED,False,False,PERSON_ID
ADDRESS,INNO_QUOTATION_ID,NONCLUSTERED,False,False,QUOTATION_ID
ADDRESS_Dept,PK_Address_Dept,CLUSTERED,True,True,ADDRESS_ID
ADDRESS_GUARANTOR,PK_ADDRESS_GUARANTOR,CLUSTERED,True,True,ADD_GUAR_ID
ADDRESS_GUARANTOR,INNO_APP_ID_INDEX,NONCLUSTERED,False,False,APP_ID
ADDRESS_GUARANTOR,INNO_GUAR_ID_INDEX,NONCLUSTERED,False,False,GUAR_ID
ADDRESS_NONBUSINESS,PK_ADDRESS_NONBUSINESS,CLUSTERED,True,True,ADDRESS_NON_ID
ADDRESS_PROSPECT_CUSTOMER,PK_ADDRESS_POSPECT_CUSTOMER,CLUSTERED,True,True,ADD_CUST_ID
ADDRESS_PROSPECT_CUSTOMER,INNO_PST_CUST_ID,NONCLUSTERED,False,False,PST_CUST_ID
ADDRESS_PROSPECT_CUSTOMER,INNO_QUOTATION_ID,NONCLUSTERED,False,False,QUOTATION_ID
ADDRESS_PROSPECT_GUARANTOR,PK_ADDRESS_PROSPECT_GUARANTOR,CLUSTERED,True,True,ADD_PST_GUAR_ID
ADDRESS_PROSPECT_GUARANTOR,INNO_PST_GUAR_ID,NONCLUSTERED,False,False,PST_GUAR_ID
ADDRESS_PROSPECT_GUARANTOR,INNO_QUOTATION_ID,NONCLUSTERED,False,False,QUOTATION_ID
API_Auth_User,PK_API_Auth_User,CLUSTERED,True,True,USERNAME
API_KEY,API_KEY_PK,CLUSTERED,True,True,ID
APPLICATION,PK_HPAPP,CLUSTERED,True,True,APP_ID
APPLICATION,INNO_APP_DATE,NONCLUSTERED,False,False,APP_DATE
APPLICATION,INNO_APPLICATION_NUMBER,NONCLUSTERED,False,False,APPLICATION_NUMBER
APPLICATION,INNO_APPROVE_ID,NONCLUSTERED,False,False,APPROVE_ID
APPLICATION,INNO_CHECKER_ID,NONCLUSTERED,False,False,CHECKER_ID
APPLICATION,INNO_CHECKER_RESULT,NONCLUSTERED,False,False,CHECKER_RESULT
APPLICATION,INNO_CIF_PERSON_ID,NONCLUSTERED,False,False,CIF_PERSON_ID
APPLICATION,INNO_CREATE_DATE,NONCLUSTERED,False,False,CREATE_DATE
APPLICATION,INNO_CUSTOMER_NAME,NONCLUSTERED,False,False,CUSTOMER_NAME
APPLICATION,INNO_JURISTIC_ID,NONCLUSTERED,False,False,JURISTIC_ID
APPLICATION,INNO_P_BRANCH_ID,NONCLUSTERED,False,False,P_BRANCH_ID
APPLICATION,INNO_P_BRANCH_TYPE,NONCLUSTERED,False,False,P_BRANCH_TYPE
APPLICATION,INNO_PARTNER_ID,NONCLUSTERED,False,False,PARTNER_ID
APPLICATION,INNO_PERSON_ID,NONCLUSTERED,False,False,PERSON_ID
APPLICATION,INNO_PRODUCT_ID,NONCLUSTERED,False,False,PRODUCT_ID
APPLICATION,INNO_QUOTATION_ID,NONCLUSTERED,False,False,QUOTATION_ID
APPLICATION,INNO_STATUS_ID,NONCLUSTERED,False,False,STATUS_ID
APPLICATION_SCORING,PK_APPLICATION_SCORING,CLUSTERED,True,True,APP_SCORE_ID
APPLICATION_SCORING,Inno_APPLICATION_SCORING_APP_ID_INDEX,NONCLUSTERED,False,False,APP_ID
APPLICATION_SCORING_DETAIL,PK_APPLICATION_SCORING_DETAIL,CLUSTERED,True,True,SCORING_DETAIL_ID
APPLICATION_SCORING_DETAIL,Inno_APPLICATION_SCORING_DETAIL_APP_ID_INDEX,NONCLUSTERED,False,False,"APP_ID, ORDERS"
APPROVAL,PK_HP_APPROVEL,CLUSTERED,True,True,APPROVE_ID
APPROVAL,Inno_APP_ID_INDEX,NONCLUSTERED,False,False,APP_ID
APPROVAL_HISTORY,PK_HP_APPROVE_HISTORY,CLUSTERED,True,True,APR_HISTORY_ID
APPROVAL_HISTORY,INNO_APP_ID,NONCLUSTERED,False,False,APP_ID
APPROVAL_HISTORY,INNO_APR_DATE,NONCLUSTERED,False,False,APR_DATE
APPROVAL_HISTORY,INNO_APR_TIME,NONCLUSTERED,False,False,APR_TIME
APPROVAL_HISTORY,INNO_STATUS_ID,NONCLUSTERED,False,False,STATUS_ID
APPROVAL_HISTORY,IX_APPROVAL_HISTORY_SYNC_WATERMARK,NONCLUSTERED,False,False,"APR_HISTORY_ID, APP_ID"
APPROVAL_HISTORY_STATUS_DESC,PK_APPROVAL_HISTORY_STATUS_DESC,CLUSTERED,True,True,AHSD_ID
APPROVAL_HISTORY_STATUS_DESC,INNO_APP_ID,NONCLUSTERED,False,False,APP_ID
AR_CUSTOMERCARD_DEMO,PK__AR_CUSTO__3214EC2742C4BCAE,CLUSTERED,True,True,ID
ASSETS_INFORMATION,PK_ASSETS_INFORMATION,CLUSTERED,True,True,ASSET_ID
ASSETS_INFORMATION,INNO_ASSETS_CATEGORY,NONCLUSTERED,False,False,ASSETS_CATEGORY
ASSETS_INFORMATION,INNO_ASSETS_TYPE,NONCLUSTERED,False,False,ASSETS_TYPE
ASSETS_INFORMATION,INNO_BRAND,NONCLUSTERED,False,False,BRAND
ASSETS_INFORMATION,INNO_COLOR,NONCLUSTERED,False,False,COLOR
ASSETS_INFORMATION,INNO_MODELNUMBER,NONCLUSTERED,False,False,MODELNUMBER
ASSETS_INFORMATION,INNO_SERIES,NONCLUSTERED,False,False,SERIES
ASSETS_INFORMATION,INNO_STATUS_ID,NONCLUSTERED,False,False,STATUS_ID
ASSETS_INFORMATION,INNO_SUB_SERIES,NONCLUSTERED,False,False,SUB_SERIES
ASSETS_INFORMATION_PFUND,PK_ASSETS_INFORMATION_PFUND,CLUSTERED,True,True,ASSET_ID
ASSETS_INFORMATION_REF,PK_ASSETS_INFORMATION_REF,CLUSTERED,True,True,ID
ASSETS_INFORMATION_REF,INNO_ASSET_ID_REF,NONCLUSTERED,False,False,ASSET_ID_REF
BANK_IMPRORT,PK_BANK_IMPRORT,CLUSTERED,True,True,id
BANK_IMPRORT,INNO_bank_Ref1,NONCLUSTERED,False,False,bank_Ref1
BANK_IMPRORT,INNO_bnak_Date,NONCLUSTERED,False,False,bnak_Date
BANK_IMPRORT_SCB,PK_BANK_IMPRORT_SCB,CLUSTERED,True,True,id
BANNER,PK_BANNER,CLUSTERED,True,True,BANNER_ID
BILLPAY,PK_BILLPAY,CLUSTERED,True,True,ID
BILLPAY,INNO_CustomerNoRef1,NONCLUSTERED,False,False,CustomerNoRef1
BILLPAY,INNO_GUID,NONCLUSTERED,False,False,GUID
BILLPAY_TEMPLATE,PK_BILLPAY_TEMPLATE,CLUSTERED,True,True,ID
BLACKLIST,PK_BLACKLIST,CLUSTERED,True,True,BLACKLIST_ID
CA_STATUS,PK_CA_STATUS,CLUSTERED,True,True,ID
CA_STATUS_DESCRIPTION,PK_CA_STATUS_DESCRIPTION,CLUSTERED,True,True,STD_ID
CA_STATUS_REASON,PK_CA_STATUS_REASON,CLUSTERED,True,True,STR_ID
CHECKER,PK_HP_CHECKER,CLUSTERED,True,True,CHECKER_ID
CHECKER_GUARANTOR,PK_CHECKER_GUARANTOR,CLUSTERED,True,True,CHECKER_ID
CIF_PERSON,PK_CIF_PERSON,CLUSTERED,True,True,CIF_PERSON_ID
CNG_PASSWORD,PK__CNG_PASS__3214EC2700C4DE1F,CLUSTERED,True,True,ID
CONFIG_USER_WORKFLOW,PK_CONFIG_USER_WORKFLOW,CLUSTERED,True,True,ID
CONTACT,PK_CONTACT,CLUSTERED,True,True,CONTACT_ID
CONTACT_DEBT_COLLECTION,PK_CONTACT_DEBT_COLLECTION,CLUSTERED,True,True,ID
CONTACT_DEBT_COLLECTION,INNO_CONTARCT_NUMBER,NONCLUSTERED,False,False,CONTARCT_NUMBER
CONTACT_DEBT_COLLECTION,INNO_CreateDate,NONCLUSTERED,False,False,CreateDate
CONTACT_DEBT_MANAGEMENT,PK_CONTACT_DEBT_MANAGEMENT,CLUSTERED,True,True,CONTACT_ID
CONTRACT,PK_CONTRACT_HP,CLUSTERED,True,True,CONTRACT_ID
CONTRACT,INDEX_NCL_CONTRACT_CONTRACT_NUMBER_APPLICATION_NUMBER_IN_CONTRACT_ID_APP_ID_STATUS_ID_CONTRACT_NUMBER_CONTRACT_START_,NONCLUSTERED,False,False,"CONTRACT_NUMBER, APPLICATION_NUMBER"
CONTRACT,INNO_APP_ID,NONCLUSTERED,False,False,APP_ID
CONTRACT,INNO_CONTRACT_START,NONCLUSTERED,False,False,"CONTRACT_START, CONTRACT_END"
CONTRACT,INNO_CREATE_DATE,NONCLUSTERED,False,False,CREATE_DATE
CONTRACT,INNO_CUSTOMER_NAME,NONCLUSTERED,False,False,CUSTOMER_NAME
CONTRACT,INNO_INSTALL_NUM_FINAL,NONCLUSTERED,False,False,INSTALL_NUM_FINAL
CONTRACT,INNO_MAKE_DATE,NONCLUSTERED,False,False,MAKE_DATE
CONTRACT,INNO_P_BRANCH_ID,NONCLUSTERED,False,False,P_BRANCH_ID
CONTRACT,INNO_PERSON_ID,NONCLUSTERED,False,False,PERSON_ID
CONTRACT,INNO_PRODUDCT_ID,NONCLUSTERED,False,False,PRODUDCT_ID
CONTRACT,INNO_STATUS_ID,NONCLUSTERED,False,False,STATUS_ID
CONTRACT_ATTACHED,PK_CONTRACT_ATTACHED,CLUSTERED,True,True,CTA_ID
CONTRACT_Dept,PK_CONTRACT_HP_Dept,CLUSTERED,True,True,CONTRACT_ID
CONTRACT_DUTY,PK_CONTRACT_DUTY,CLUSTERED,True,True,DUTY_ID
CONTRACT_HISTORY_STATUS,PK_CONTRACT_HISTORY_STATUS,CLUSTERED,True,True,HISTY_C_ID
CONTRACT_WRITE_OFF,PK_CONTRACT_WRITE_OFF,CLUSTERED,True,True,CONTRACT_NUMBER
CONTRACT_WRITE_OFF,INNO_STATUS_ID,NONCLUSTERED,False,False,STATUS_ID
CpuUsageLogs,PK__CpuUsage__3213E83FCF9DAFF9,CLUSTERED,True,True,id
CREDIT_NOTE,PK_CREDIT_NOTE,CLUSTERED,True,True,CREDIT_NOTE_ID
CreditScrolling_Logs_Contract,PK_CreditScrolling_Logs_Contract,CLUSTERED,True,True,CreditScrolling_Logs_Contract_ID
CreditScrolling_Logs_Contract,INNO_CONTRACT_ID,NONCLUSTERED,False,False,CONTRACT_ID
CreditScrolling_Logs_Contract,INNO_STATUS_ID,NONCLUSTERED,False,False,STATUS_ID
CUSTOMER_CARD,PK_CUSTOMER_CARD,CLUSTERED,True,True,ID
CUSTOMER_CARD,INDEX_NCL_CUSTOMER_CARD_INSTALL_NUM_IN_CONTRACT_ID_INSTALL_NUM_DUEDATE,NONCLUSTERED,False,False,INSTALL_NUM
CUSTOMER_CARD,INNO_APPLICATION_NUMBER,NONCLUSTERED,False,False,APPLICATION_NUMBER
CUSTOMER_CARD,INNO_CONTRACT_ID,NONCLUSTERED,False,False,"CONTRACT_ID, INSTALL_NUM"
CUSTOMER_CARD,INNO_CONTRACT_NUMBER,NONCLUSTERED,False,False,CONTRACT_NUMBER
CUSTOMER_CARD,INNO_DUADATE,NONCLUSTERED,False,False,DUEDATE
CUSTOMER_CARD,INNO_INVOICE_NUMBER,NONCLUSTERED,False,False,INVOICE_NUMBER
CUSTOMER_CARD,INNO_PAY_INSTALL_VAT,NONCLUSTERED,False,False,PAY_INSTALL_VAT
CUSTOMER_CARD,INNO_PAY_INTEREST,NONCLUSTERED,False,False,PAY_INTEREST
CUSTOMER_CARD,INNO_PAY_PRINCIPLE,NONCLUSTERED,False,False,PAY_PRINCIPLE
CUSTOMER_CARD,INNO_RECEIPT_NUMBER,NONCLUSTERED,False,False,RECEIPT_NUMBER
CUSTOMER_CARD,INNO_REVENUE_INS_MARGIN,NONCLUSTERED,False,False,REVENUE_INS_MARGIN
CUSTOMER_CARD_Dept,PK_CUSTOMER_CARD_Dept,CLUSTERED,True,True,ID
CUSTOMER_CARD_Repair,PK_CUSTOMER_CARD_Repair,CLUSTERED,True,True,ID
CUSTOMER_CARD_TEMP,PK_CUSTOMER_CARD_ID,CLUSTERED,True,True,ID
CUSTOMER_CARD_TEMP_REPAIR,PK_CUSTOMER_CARD_TEMP_REPAIR,CLUSTERED,True,True,No
CUSTOMER_CARD_TEMP1,PK_CUSTOMER_CARD1_ID,CLUSTERED,True,True,ID
CUSTOMER_CARD_TEST,PK_CUSTOMER_CARD_TEST,CLUSTERED,True,True,ID
DocumentAttachments_ConvertLog,PK_DocumentAttachmentsLog,CLUSTERED,True,True,Convert_ID
DocumentAttachmentsContract,PK__Document__442C64DEDAEA0385,CLUSTERED,True,True,AttachmentID
EFFECTIVE_RATE,PK_EFFECTIVE_RATE,CLUSTERED,True,True,EIR_ID
EFFECTIVE_RATE_PFUND,PK_EFFECTIVE_RATE_PFUND,CLUSTERED,True,True,EIR_ID
EFFECTIVE_RATE_UFUND,PK_EFFECTIVE_RATE_UFUND,CLUSTERED,True,True,EIR_ID
EMPLOYEE,PK_Employee,CLUSTERED,True,True,EMP_ID
Events,PK__Events__3213E83FEA585C8F,CLUSTERED,True,True,id
FeeControl,PK__FeeContr__B387B20981E3E5B9,CLUSTERED,True,True,FeeID
FoodSale,PK__FoodSale__3213E83F51BB93A9,CLUSTERED,True,True,id
GUARANTOR,PK_GUARANTOR,CLUSTERED,True,True,GUAR_ID
GUARANTOR,INNO_APP_ID_INDEX,NONCLUSTERED,False,False,APP_ID
GUARANTOR_ATTACHMENT,PK_GUARANTOR_ATTACHMENT,CLUSTERED,True,True,ATTACH_ID
HCTI,PK_HCTI,CLUSTERED,True,True,id
HCTI,NonClusteredIndex-20250411-103838,NONCLUSTERED,False,False,"quotationID, ContractNumber, instno"
HISTORY_CALCULATE_CLOSE_CONTRACT,PK_HISTORY_CALCULATE_CLOSE_CONTRACT,CLUSTERED,True,True,ID
HISTORY_CALULATE_TERMINATE,PK_HISTORY_CALULATE_TERMINATE,CLUSTERED,True,True,ID
HISTORY_GENERATE,PK_HISTORY_GENERATE,CLUSTERED,True,True,HIS_GEN_ID
HISTORY_RETURN_ASSETS,PK_HISTORY_RETURN_ASSETS,CLUSTERED,True,True,HISTY_RETURN_ID
HISTORY_RQ_REJECT_APP,PK_HISTORY_RQ_REJECT_APP,CLUSTERED,True,True,RQ_REJECT_ID
HISTORY_RQ_REJECT_APP,INNO_APP_ID,NONCLUSTERED,False,False,APP_ID
HPAP_CUST_BALANCE,PK_HPAP_CUST_BALANCE,CLUSTERED,True,True,SEQ_ID
HPAP_CUST_CONTRACT,PK_HPAP_CUST_CONTRACT,CLUSTERED,True,True,SEQ_ID
HPAP_CUSTOMER_DETL,PK_HPAP_CUSTOMER_DETL,CLUSTERED,True,True,SEQ_ID
HPAP_CUSTOMER_MAST,PK_HPAP_CUSTOMER_MAST,CLUSTERED,True,True,SEQ_ID
HPAP_CUSTOMER_SOCIAL,PK_HPAP_CUSTOMER_SOCIAL,CLUSTERED,True,True,SEQ_ID
IMAGE_FILE,PK_IMAGE_FILE,CLUSTERED,True,True,IMAGE_ID
IMAGE_FILE,Inno_IMAGE_FILE_INDEX,NONCLUSTERED,False,False,APP_ID
IMAGE_FILE,Inno_MEDIA_ADJUSTED,NONCLUSTERED,False,False,MEDIA_ADJUSTED
INSERT_FACULTY_ID,PK_INSERT_FACULTY_ID,CLUSTERED,True,True,INSERT_FACULTY_ID
INSURANCE_DATA,PK_HP_INSURANCE,CLUSTERED,True,True,INS_ID
INSURANCE_DATA_TEMP,PK_INSURANCE_DATA_TEMP,CLUSTERED,True,True,INS_TEMP_ID
INSURANCE_DATA_TEMP,INNO_CREATE_DATE,NONCLUSTERED,False,False,CREATE_DATE
INSURANCE_DATA_TEMP,INNO_INFORM_STATUS,NONCLUSTERED,False,False,INFORM_STATUS
INSURANCE_DATA_TEMP,INNO_MT_INS_BRAND,NONCLUSTERED,False,False,MT_INS_BRAND
INSURANCE_DATA_TEMP,INNO_MT_INS_COM_ID,NONCLUSTERED,False,False,MT_INS_COM_ID
INSURANCE_DATA_TEMP,INNO_PRODUCT_ID,NONCLUSTERED,False,False,PRODUCT_ID
INSURANCE_INFORM,PK_INSURANCE_INFORM,CLUSTERED,True,True,INS_INFORM_ID
INVOICE,PK_INVOICE,CLUSTERED,True,True,INVOICE_ID
INVOICE,INDEX_NCL_INVOICE_CUSTOMER_CARD_ID_IN_INVOICE_NUMBER,NONCLUSTERED,False,False,CUSTOMER_CARD_ID
INVOICE,INDEX_NCL_INVOICE_INVOICE_DATE_IN_CONTRACT_ID_INSTALL_CURRENT_SUM_AMT_DUE_DATE,NONCLUSTERED,False,False,INVOICE_DATE
INVOICE,INDEX_NCL_INVOICE_INVOICE_DATE_IN_CONTRACT_ID_INVOICE_NUMBER_DUE_DATE_INSTALL_CURRENT_SUM_AMT_CUSTOMER_CARD_ID,NONCLUSTERED,False,False,INVOICE_DATE
INVOICE,INDEX_NCL_INVOICE_INVOICE_DATE_IN_CUSTOMER_CARD_ID,NONCLUSTERED,False,False,INVOICE_DATE
INVOICE,INNO_CONTRACT_ID,NONCLUSTERED,False,False,CONTRACT_ID
INVOICE,INNO_DUE_DATE,NONCLUSTERED,False,False,DUE_DATE
INVOICE_Dept,PK_INVOICE_Dept,CLUSTERED,True,True,INVOICE_ID
JURISTIC,PK_HP_JURISTIC_1,CLUSTERED,True,True,JURISTIC_ID
K2_user,PK__K2_user__3213E83F929ED404,CLUSTERED,True,True,id
LEGAL_INACTIVECONTRACT,IX_LEGAL_INACTIVECONTRACT,NONCLUSTERED,False,False,CONTRACT_NUMBER
LEGAL_INACTIVECONTRACT_BAK,PK_LEGAL_INACTIVECONTRACT,CLUSTERED,True,True,CONTRACT_NUMBER
LINE_WEBHOOK_REQUEST,PK__LINE_WEB__3214EC27F5CB0664,CLUSTERED,True,True,ID
LineMessageLogs,PK__LineMess__3213E83F5970041E,CLUSTERED,True,True,id
LOG_ACCOUNT_ROUNDING,PK_LOG_ACCOUNT_ROUNDING,CLUSTERED,True,True,SEQ_ID
LOG_ASSETS_INFORMATION,PK_LOG_ASSETS_INFORMATION,CLUSTERED,True,True,ID
LOG_CA_STATUS_DESCRIPTION,PK_LOG_CA_STATUS_DESCRIPTION,CLUSTERED,True,True,ID
LOG_CA_STATUS_REASON,PK_LOG_CA_STATUS_REASON,CLUSTERED,True,True,ID
LOG_CLONE_QUOTATION,PK__LOG_CLON__3214EC27B273DB47,CLUSTERED,True,True,ID
LOG_COMMON,PK_LOG_COMMON,CLUSTERED,True,True,SEQ_ID
LOG_DayEnd_Receipt,PK_LOG_DayEnd_Receipt,CLUSTERED,True,True,LOG_ID
LOG_EDIT_APPLICATION,PK_LOG_EDIT_APPLICATION,CLUSTERED,True,True,LOG_ID
LOG_EDIT_PERSON,PK_LOG_EDIT_PERSON,CLUSTERED,True,True,LOG_ID
LOG_EDIT_PROSPECT_CUSTOMER,PK_LOG_EDIT_PROSPECT_CUSTOMER,CLUSTERED,True,True,LOG_ID
LOG_EDIT_QUOTATION,PK_LOG_EDIT_QUOTATION,CLUSTERED,True,True,LOG_ID
LOG_EditCustomerInfo,PK_LOG_EditCustomerInfo,CLUSTERED,True,True,id
LOG_EDT_KeySerial_AssetDeliver_IMG,PK_LOG_EDT_KeySerial_AssetDeliver_IMG,CLUSTERED,True,True,ID
LOG_GUARANTOR_CONDITION,PK_LOG_GUARANTOR_CONDITION,CLUSTERED,True,True,id
LOG_GUARANTOR_REJECT,PK_LOG_GUARANTOR_REJECT,CLUSTERED,True,True,LOG_ID
LOG_MT_COLOR,PK_LOG_MT_COLOR,CLUSTERED,True,True,ID
LOG_MT_EVENT,PK_Log_MT_EVENT,CLUSTERED,True,True,ID
LOG_MT_FACULTY,PK_LOG_MT_FACULTY,CLUSTERED,True,True,ID
LOG_MT_Icare_Insurance,PK_LOG_MT_Icare_Insurance,CLUSTERED,True,True,Log_ID
LOG_MT_INSURE,PK_LOG_MT_INSURE,CLUSTERED,True,True,ID
LOG_MT_MODEL,PK_LOG_MT_MODEL,CLUSTERED,True,True,ID
LOG_MT_MODEL_CONDITION,PK_LOG_MT_MODEL_CONDITION,CLUSTERED,True,True,ID
LOG_MT_MODEL_CONDITION_DETAIL,PK_LOG_MT_MODEL_CONDITION_DETAIL,CLUSTERED,True,True,ID
LOG_MT_SERIES,PK_LOG_MT_SERIES_1,CLUSTERED,True,True,ID
LOG_MT_SUB_SERIES,PK_LOG_MT_SUB_SERIES,CLUSTERED,True,True,ID
LOG_MT_UNIVERSITY_NAME,PK_LOG_MT_UNIVERSITY_NAME,CLUSTERED,True,True,ID
LOG_PENALTY_COLLECT,PK_LOG_PENALTY_COLLECT,CLUSTERED,True,True,LOG_ID
LOG_Person_Data,PK_LOG_Person_Data,CLUSTERED,True,True,ID
LOG_PO_Manage,PK_LOG_PO_Manage,CLUSTERED,True,True,LOG_ID
LOG_PROGRESS_PDF,PK_LOG_PROGRESS_PDF,CLUSTERED,True,True,LOG_ID
LOG_PROGRESS_PROSPEC,PK_LOG_PROGRESS_PROSPEC,CLUSTERED,True,True,LOG_ID
LOG_PROSPECT_GUARANTOR_NOTPASS,PK_LOG_PROSPECT_GUARANTOR_NOTPASS,CLUSTERED,True,True,LOG_ID
LOG_Quotation_Branch,PK_Log_Quotation_Branch,CLUSTERED,True,True,ID
LOG_ReGenTAX,PK_LOG_ReGenTAX,CLUSTERED,True,True,SEQ_ID
LOG_REPAIR_EFFECTIVE,PK_LOG_REPAIR_EFFECTIVE,CLUSTERED,True,True,LOG_ID
LOG_REPAIR_VatGL,PK_LOG_REPAIR_VatGL,CLUSTERED,True,True,SEQ_ID
LOG_REPAYMENT_RESEVER,PK_LOG_REPAYMENT_RESEVER_1,CLUSTERED,True,True,ID
LOG_RESEND_SMS,PK_LOG_RESEND_SMS,CLUSTERED,True,True,Log_Resend_ID
LOG_RETRY_FLOW,PK_LOG_RETRY_FLOW,CLUSTERED,True,True,LogID
LOG_RETURN_REPAYMENT,PK_LOG_RETURN_REPAYMENT,CLUSTERED,True,True,ID
LOG_SCB_BILLPAYMENT,PK__LOG_SCB___CF6E7D43519EA8D7,CLUSTERED,True,True,Bill_ID
LOG_SCB_BILLPAYMENT,INNO_type_request,NONCLUSTERED,False,False,type_request
LOG_SCB_BILLPAYMENT_AUTO,PK_LOG_SCB_BILLPAYMENT_AUTO,CLUSTERED,True,True,LOG_SCB_BILLPAYMENT_TID
LOG_SCB_BILLPAYMENT_AUTO,INNO_Bill_ID,NONCLUSTERED,False,False,Bill_ID
LOG_SCB_BILLPAYMENT_AUTO,INNO_CreateDate,NONCLUSTERED,False,False,CreateDate
LOG_SCB_BILLPAYMENT_AUTO,INNO_Repay_ID,NONCLUSTERED,False,False,Repay_ID
LOG_SCB_DOWNPAYMENT,PK__SCB_PAYM__D2C4FF4669DFC1FA,CLUSTERED,True,True,PAYMENT_ID
LOG_SCB_DOWNPAYMENT,INNO_PAYMENT_REF1,NONCLUSTERED,False,False,PAYMENT_REF1
LOG_SEND_SMS,PK__LOG_SEND__CFF164797B3A1B8B,CLUSTERED,True,True,SMS_ID
LOG_SEND_SMS,INNO_DATE,NONCLUSTERED,False,False,"DATE, SMS_Status_Delivery"
LOG_SendAPI,PK_LOG_SendAPI,CLUSTERED,True,True,SEQ_ID
LOG_SETUP_GuarantorOCCU,PK_LOG_SETUP_GuarantorOCCU,CLUSTERED,True,True,id
LOG_SIGNATURE,PK_LOG_SIGNATURE,CLUSTERED,True,True,SIG_ID
LOG_Temp_TAX_Down0,PK_LOG_Temp_TAX_Down0,CLUSTERED,True,True,ID
LOGGED_EMAIL_HEADER,PK__LOGGED_E__3213E83F7DFF0EBF,CLUSTERED,True,True,id
LOGGED_EMAIL_LISTS,PK__LOGGED_E__3213E83F64614025,CLUSTERED,True,True,id
LOGS_BLACKLIST,PK_LOGS_BLACKLIST,CLUSTERED,True,True,LOGS_BLACKLIST_ID
LOGS_BLACKLIST_LEVEL,PK_LOGS_BLACKLIST_LEVEL,CLUSTERED,True,True,LOGS_BLACKLIST_LEVEL_ID
LOGS_BLACKLIST_UNLOCK,PK_LOGS_BLACKLIST_UNLOCK,CLUSTERED,True,True,LOGS_BLACKLIST_UNLOCK_ID
LOGS_BRANCH_TYPE,PK_LOGS_BRANCH_TYPE,CLUSTERED,True,True,Logs_BranchType_ID
LOGS_CALL_API,PK__LOGS_CAL__3214EC27C771AAAB,CLUSTERED,True,True,ID
LOGS_EMAIL_OTP,MT_EMAIL_OTP_PK,CLUSTERED,True,True,OTP_ID
LOGS_SEND_INET,PK_LOGS_SEND_INET,CLUSTERED,True,True,SEQ_ID
LTO_MT_BusinessType,PK_LTO_MT_BusinessType,CLUSTERED,True,True,LTO_BSN_Type_ID
LTO_MT_Occupation,PK_LTO_MT_Occupation,CLUSTERED,True,True,LTO_Ocpt_ID
LTO_MT_OccupationType,PK_LTO_MT_OccupationType_1,CLUSTERED,True,True,LTO_OCC_Type_ID
LTO_MT_ReferenceRelation,PK_LTO_MT_ReferenceRelation,CLUSTERED,True,True,LTO_REF_Relation_ID
lvlDownPercents,PK__lvlDownP__3213E83F6EA6A298,CLUSTERED,True,True,id
MAS_AttachmentsType,PK_MAS_AttachmentType,CLUSTERED,True,True,AttachmentTypeID
MastersUserGroup,PK__MastersU__3213E83F061BCB26,CLUSTERED,True,True,id
MDM_HISTORY_APPLE,PK_MDM_HISTORY_ANDRIOD,CLUSTERED,True,True,MDM_ID
MEMBER,PK_MEMBER,CLUSTERED,True,True,MEMBER_ID
MEMBER_ADDRESS,PK__MEMBER_A__3213E83F624363AB,CLUSTERED,True,True,id
MEMBER_DESIGN,PK_MEMBER_DESIGN,CLUSTERED,True,True,MEMBER_ID
MEMBER_META,PK__MEMBER_M__3213E83F2CA28260,CLUSTERED,True,True,id
MEMBER_MIN,PK__MEMBER_M__3213E83F24D9827D,CLUSTERED,True,True,id
MEMBER_OCCUPATION,PK__MEMBER_O__3213E83F0F5B22BE,CLUSTERED,True,True,id
MEMBER_REFERENCES,PK__MEMBER_R__3213E83F417EAF83,CLUSTERED,True,True,id
MEMBER_UNIVERSITY,PK__MEMBER_U__3213E83F9BDBA40B,CLUSTERED,True,True,id
MT_ACCOUNT,PK_MT_ACCOUNT,CLUSTERED,True,True,MT_ACCOUNT_ID
MT_ACCOUNT_CATEGORY,PK__MT_ACCOU__3213E83F3CE2C2B9,CLUSTERED,True,True,id
MT_ACCOUNT_CODE,PK__MT_ACCOU__3213E83F5DDBFFB7,CLUSTERED,True,True,id
MT_ADDRESS_TYPE,PK_MT_ADDRESS_TYPE,CLUSTERED,True,True,ADRTYPE_ID
MT_AddressKYC,PK_MT_AddressKYC,CLUSTERED,True,True,Addr_KYC_ID
MT_APPROVE_CUSTOMER,INNO_APR_CUS_ID,NONCLUSTERED,False,False,APR_CUS_ID
MT_APPROVE_CUSTOMER_SUB_LEVEL,PK_MT_APPROVE_CUSTOMER_SUB_LEVEL,CLUSTERED,True,True,SEQ_ID
MT_APPROVE_TYPE,PK_MT_APPROVE_TYPE,CLUSTERED,True,True,APR_ID
MT_BALLOON_INSTALLMENT,PK_MT_BALLOON_INSTALLMENT,CLUSTERED,True,True,INSTALL_BALLOON_ID
MT_BANK,PK_MT_BANK,CLUSTERED,True,True,MT_BANK_ID
MT_BANK_ACCOUNT,PK_MT_BANK_ACCOUNT,CLUSTERED,True,True,BANK_ID
MT_BLACKLIST_LEVEL,PK_MT_BLACKLIST_LEVEL,CLUSTERED,True,True,BLACKLIST_LEVEL_ID
MT_BLACKLIST_UNLOCK,PK_MT_BLACKLIST_UNLOCK,CLUSTERED,True,True,BLACKLIST_UNLOCK_ID
MT_BRANCH_TYPE,PK_MT_BRANCH_TYPE,CLUSTERED,True,True,BRANCH_TYPE_ID
MT_BRAND,PK_PD_CAR_BRAND,CLUSTERED,True,True,BRAND_ID
MT_Cal_Down,PK_MT_Cal_Down,CLUSTERED,True,True,Down_ID
MT_Cal_Install,PK_MT_Cal_Install,CLUSTERED,True,True,Install_ID
MT_Cal_Interest,PK_MT_Cal_Interest,CLUSTERED,True,True,Interest_ID
MT_CAMPAIGN,PK_MT_CAMPAIGN,CLUSTERED,True,True,CAMPAIGN_ID
MT_CAMPUS,PK_MT_CAMPUS,CLUSTERED,True,True,MT_CAMPUS_ID
MT_CATEGORY,PK_PD_PRODUCT_TYPE,CLUSTERED,True,True,CATEGORY_ID
MT_CHECKLIST,PK_MT_CHECKLIST,CLUSTERED,True,True,CHECK_LIST_ID
MT_COLLECTION,PK_MT_RESULT_COLLECTION,CLUSTERED,True,True,RESULT_DEBT_ID
MT_COLLECTION_COLLECTOR,PK_MT_COLLECTION_COLLECTOR,CLUSTERED,True,True,"EMP_Code, CURRENT_DUE_DATE"
MT_COLOR,PK_MT_COLOR,CLUSTERED,True,True,MT_COLOR_ID
MT_COLOR,INNO_ACTIVE_STATUS,NONCLUSTERED,False,False,ACTIVE_STATUS
MT_CONTACT_CATEGORY,PK_MT_CONTACT_CATEGORY,CLUSTERED,True,True,CONTACT_CATEGORY_ID
MT_CONTACT_RESULT,PK_MT_CONTACT_RESULT,CLUSTERED,True,True,MT_CONTACT_ID
MT_CUSTOMER_SIM,PK_MT_CUSTOMER_SIM,CLUSTERED,True,True,MT_CUSTOMER_SIM_ID
MT_CUSTOMER_TYPE,PK_MT_CUSTOMER_TYPE,CLUSTERED,True,True,CUST_TYPE_ID
MT_Debt_Group_Status,PK_MT_Debt_Group_Status,CLUSTERED,True,True,id
MT_DebtContactStatus,PK_MT_DebtContactStatus,CLUSTERED,True,True,ID
MT_DELIVERY_TYPE,PK_MT_DELIVERY_TYPE,CLUSTERED,True,True,Delivery_ID
MT_DISEASE,PK_MT_Disease,CLUSTERED,True,True,ID
MT_DISTRICT,PK_MT_DISTRICT,CLUSTERED,True,True,DISTRICT_ID
MT_DISTRICT,INNO_PROVINCE_ID,NONCLUSTERED,False,False,PROVINCE_ID
MT_DOWN,PK_PD_CAR_DOWN,CLUSTERED,True,True,DOWN_ID
MT_DOWN_TYPE,PK_MT_DOWN_TYPE,CLUSTERED,True,True,MT_DOWN_TYPE_ID
MT_DownPercent,PK_MT_DownPercent,CLUSTERED,True,True,"CATEGORY_ID, MT_UNIVERSITY_ID, MT_FACULTY_ID, SERIES_ID"
MT_DownPercent_AKETEST,PK_MT_DownPercent_AKETEST,CLUSTERED,True,True,"CATEGORY_ID, MT_UNIVERSITY_ID, MT_FACULTY_ID, SERIES_ID"
MT_DownPercent_Pfund,PK_MT_DownPercent_Pfund,CLUSTERED,True,True,"CATEGORY_ID, Ocpt_ID, LTO_OCC_Type_ID, SERIES_ID"
MT_DS_IMAGE,PK_MT_DS_IMAGE,CLUSTERED,True,True,SEQ_ID
MT_EVENT,PK_MT_EVENT,CLUSTERED,True,True,Event_ID
MT_FACULTY,PK_MT_FACULTY,CLUSTERED,True,True,MT_FACULTY_ID
MT_GENDER,PK_MT_Gender,CLUSTERED,True,True,Gender_ID
MT_GROUP_CA,PK_MT_CUST_GROUP,CLUSTERED,True,True,SEQ_ID
MT_GROUP_CA_CONDITION,PK_MT_GROUP_CONDITION,CLUSTERED,True,True,SEQ_ID
MT_GROUP_CA_TYPE,PK_MT_GROUP_CA_TYPE,CLUSTERED,True,True,SEQ_ID
MT_HP_BALLOON,PK__MT_HP_BA__CA00304E0FC472A4,CLUSTERED,True,True,HP_BALLOON_ID
MT_HP_INTEREST_TYPE,PK_MT_HP_INTEREST_TYPE,CLUSTERED,True,True,TYPE_INT_ID
MT_HP_LOAN,PK_MT_HP_LOAN,CLUSTERED,True,True,HP_LOAN_ID
MT_HP_TRADE_IN_CAMPAIGN,PK_MT_HP_TRADE_IN_CAMPAIGN,CLUSTERED,True,True,HP_TRADE_IN_ID
MT_Icare_InsurancePercent,PK__MT_Icare__3214EC27FC8C733F,CLUSTERED,True,True,ID
MT_ICARE_InsurancePercent_master,PK_MT_ICARE_InsurancePercent,CLUSTERED,True,True,ID
MT_IDCARD_TYPE,PK_MT_IDCardType,CLUSTERED,True,True,Cardtype_ID
MT_INSTALLMENT,PK_PD_CAR_INSTALL,CLUSTERED,True,True,INSTALL_ID
MT_INSURE,PK_MT_INSURE,CLUSTERED,True,True,INSURE_ID
MT_INSURE_BACKUPV2,PK_MT_INSURE_BACKUPV2,CLUSTERED,True,True,INSURE_ID
MT_INSURE_BACKUPV3,PK_MT_INSURE_BACKUPV3,CLUSTERED,True,True,INSURE_ID
MT_INSURE_BRAND,PK_MT_INSURE_BRAND,CLUSTERED,True,True,INSURE_BRAND_ID
MT_INSURE_BRAND_BACKUP,PK_MT_INSURE_BRAND_BACKUP,CLUSTERED,True,True,INSURE_BRAND_ID
MT_INSURE_COMPANY,PK_MT_INSURE_COMPANY,CLUSTERED,True,True,INSURE_COM_ID
MT_INSURE_COMPANY_BACKUP,PK_MT_INSURE_COMPANY_BACKUP,CLUSTERED,True,True,INSURE_COM_ID
MT_INSURE_REVENUE,PK_MT_INSURE_REVENUE,CLUSTERED,True,True,ID
MT_INSURE_REVENUE_BACKUP,PK_MT_INSURE_REVENUE_BACKUP,CLUSTERED,True,True,ID
MT_LEVEL,PK_MT_LEVEL,CLUSTERED,True,True,LEVEL_ID
MT_LEVEL_TYPE,PK_MT_LEVEL_TYPE,CLUSTERED,True,True,LEVEL_TYPE_ID
MT_MARITAL_STATUS,PK_MT_MaritalStatus,CLUSTERED,True,True,Mst_ID
MT_Narcotic,PK_MT_Narcotic,CLUSTERED,True,True,ID
MT_NATIONALITY,PK_MT_Nationality,CLUSTERED,True,True,Nation_ID
MT_OCCU_GROUP_INCOME,PK_MT_OCCU_GROUP_INCOME,CLUSTERED,True,True,GROUP_INCOME_ID
MT_OCCU_GROUP_RISK,PK_MT_OCCU_GROUP_RISK,CLUSTERED,True,True,GROUP_RISK_ID
MT_OCCU_GROUP_TYPE,PK_MT_OCCU_GROUP_TYPE,CLUSTERED,True,True,GROUP_TYPE_ID
MT_OCCUPATION,PK_MT_Occupation,CLUSTERED,True,True,Ocpt_ID
MT_PACKAGE_SIM,PK_MT_PACKAGE_SIM,CLUSTERED,True,True,PACKAGE_ID
MT_PACKAGE_SIM_GROUP_BU,PK_MT_PACKAGE_SIM_GROUP_BU,CLUSTERED,True,True,PS_GROUP_BU_ID
MT_PACKAGE_SIM_MIS,PK_MT_PACKAGE_SIM_MIS,CLUSTERED,True,True,SEQ_ID
MT_PARTNER_TYPE,PK_MT_PARTNER_TYPE,CLUSTERED,True,True,PARTNER_TYPE_ID
MT_PASS_NOTPASS,PK_MT_PASS_NOTPASS,CLUSTERED,True,True,CHECK_ID
MT_PAY_DOWN_TYPE,PK_MT_PAY_DOWN_TYPE,CLUSTERED,True,True,PAY_DOWN_ID
MT_PAY_TYPE,PK_MT_PAY_TYPE,CLUSTERED,True,True,PAY_TYPE_ID
MT_PAY_TYPE_INSURANCE,PK_MT_PAY_TYPE_INSURANCE,CLUSTERED,True,True,PAY_INS
MT_PERFORMANCE_TYPE,PK_MT_PERFORMANCE_TYPE,CLUSTERED,True,True,PERFORMANCE_TYPE_ID
MT_POST_CODE,PK_MT_POST_CODE_1,CLUSTERED,True,True,"POST_CODE_ID, SUB_DISTRICT_ID"
MT_PREFIX,PK_MT_PREFIX,CLUSTERED,True,True,Prefix_ID
MT_PREFIX_ENG,PK_MT_PREFIX_ENG,CLUSTERED,True,True,Prefix_eng_ID
MT_PRODUCT_TYPE,PK_MT_PRODUCT_TYPE,CLUSTERED,True,True,MT_PRODUCT_TYPE
MT_Project,PK_MT_Project,CLUSTERED,True,True,ID
MT_PROVINCE,PK_MT_PROVINCE,CLUSTERED,True,True,PROVINCE_ID
MT_PROVINCE,Inno_ZONE_ID_Index,NONCLUSTERED,False,False,ZONE_ID
MT_RACE,PK_MT_Race,CLUSTERED,True,True,Race_ID
MT_REASON_RETURN_ASSETS,PK_MT_REASON_RETURN_ASSETS,CLUSTERED,True,True,REASON_CTA_ID
MT_Reject_Type,PK_MT_Reject_Type,CLUSTERED,True,True,Reject_Type_ID
MT_RELATIONSHIP_REF,PK_MT_RETIONSHIP_GUARANTOR,CLUSTERED,True,True,RELATION_REF_ID
MT_REMARK_CREDIT_NOTE,PK_MT_REMARK_CREDIT_NOTE,CLUSTERED,True,True,REMARK_CREDIT_NOTE_ID
MT_REPAY_TYPE,PK_MT_REPAY_TYPE,CLUSTERED,True,True,MT_REPAY_TYPE
MT_RESIDENCE_STATUS,PK_MT_RESIDENCE_STATUS,CLUSTERED,True,True,RESIDENCE_ID
MT_REWORK_TOPIC_KEY,PK_MT_REWORK_TOPIC_KEY,CLUSTERED,True,True,KEY_ID
MT_RQ_TYPE_REJECT,PK_MT_RQ_TYPE_REJECT,CLUSTERED,True,True,id
MT_SALARY_RANGE,PK_MT_SALARY_RANGE,CLUSTERED,True,True,SALARY_RANGE_ID
MT_SERIES,PK_PD_SERIES,CLUSTERED,True,True,SERIES_ID
MT_SERIES,INNO_BRAND_ID,NONCLUSTERED,False,False,BRAND_ID
MT_SERIES,INNO_SERIES_CODE,NONCLUSTERED,False,False,SERIES_CODE
MT_SETUP_STATUS,PK_MT_SETUP_STATUS,CLUSTERED,True,True,SETUP_STATUS_ID
MT_SMS,PK_MT_SMS,CLUSTERED,True,True,SMS_ID
MT_SMS_OTP,MT_SMS_OTP_PK,CLUSTERED,True,True,ID
MT_SMS_OTP,INNO_CREATED_AT,NONCLUSTERED,False,False,CREATED_AT
MT_SMS_OTP,INNO_OTP,NONCLUSTERED,False,False,"PHONE_NO, REF_CODE, STATUS, OTP_CODE"
MT_SOURCE_INCOME,PK_MT_SOURCE_INCOME,CLUSTERED,True,True,SOURCE_INCOME_ID
MT_SOURCE_INCOME_PERSON,PK_MT_SOURCE_INCOME_PERSON,CLUSTERED,True,True,Source_Income_ID
MT_SPECIAL_CONDITION,PK_MT_SPECIAL_CONDITION,CLUSTERED,True,True,MT_SP_ID
MT_STATUS,PK_HP_Status,CLUSTERED,True,True,HP_STA_ID
MT_SUB_DISTRICT,PK_MT_Subdistrict,CLUSTERED,True,True,SUB_DISTRICT_ID
MT_SUB_DISTRICT,INNO_DISTRICT_ID,NONCLUSTERED,False,False,DISTRICT_ID
MT_SUB_SERIES,PK_MT_SUB_SERIES,CLUSTERED,True,True,SUB_SERIES_ID
MT_SUB_SERIES,INNO_ACTIVE_STATUS,NONCLUSTERED,False,False,ACTIVE_STATUS
MT_SUB_SERIES,INNO_SERIES_ID,NONCLUSTERED,False,False,SERIES_ID
MT_SUBJECT,PK_MT_SUBJECT,CLUSTERED,True,True,MT_SUBJECT
MT_Test,PK_MT_Test,CLUSTERED,True,True,ID
MT_TFF_PROJECT,PK__MT_TFF_P__3214EC2798E1DD14,CLUSTERED,True,True,ID
MT_TRADE_IN_TYPE,PK_MT_TRADE_IN_TYPE,CLUSTERED,True,True,TRADE_IN_TYPE_ID
MT_TRADEIN_CALL,PK_MT_TRADEIN_CALL,CLUSTERED,True,True,TRADE_IN_ID
MT_TYPE_APPROVAL,PK_MT_TYPE_APPROVAL,CLUSTERED,True,True,ID
MT_TYPE_PAYMENT,PK_MT_TYPE_PAYMENT,CLUSTERED,True,True,TYPE_PAY_ID
MT_Ufund_Acknwoledge,PK_MT_Ufund_Acknwoledge,CLUSTERED,True,True,ID
MT_UNIVERSITY_NAME,PK_MT_UNIVERSITY_NAME,CLUSTERED,True,True,MT_UNIVERSITY_ID
MT_UNIVERSITY_NAME,DISTRICT_ID_IDX,NONCLUSTERED,False,False,DISTRICT_ID
MT_UNIVERSITY_NAME,PROVINCE_ID_IDX,NONCLUSTERED,False,False,PROVINCE_ID
MT_UPHONE_PERCENT_SRP_DG,PK_MT_UPHONE_PERCENT_SRP_DG,CLUSTERED,True,True,SEQ_ID
MT_UTM,PK_MT_UTM,CLUSTERED,True,True,UTM_ID
MT_WORK_SCHEDULE,PK_MT_WORK_SCHEDULE,CLUSTERED,True,True,ID
MT_ZONE,PK_MT_ZONE,CLUSTERED,True,True,MT_ZONE_ID
NationalCreditBureau,NationalCreditBureau_PK,CLUSTERED,True,True,ID
NCAP_INFORMATION,idx_NCAP_INFORMATION,CLUSTERED,False,True,"TAX_ID, PHONE, APPLICATION_NO"
NCAP_STATUS,PK_NCAP_STATUS,CLUSTERED,True,True,ID
NCB_CONTRACT_CLOSED,NCB_CONTRACT_CLOSED_PK,CLUSTERED,True,True,ID
NCB_CONTRACT_CLOSED,NCB_CONTRACT_CLOSED_CONTRACT_NUMBER_IDX,NONCLUSTERED,False,False,"CONTRACT_NUMBER, CONTRACT_ID, APP_ID"
Outsource_Credit_Scoring,PK_Outsource_Credit_Scoring_1,CLUSTERED,True,True,SCORING_ID
PAYMENT,PK_PAYMENT,CLUSTERED,True,True,PAYMENT_ID
PAYMENT,INNO_INV_PN_NUMBER,NONCLUSTERED,False,False,INV_PN_NUMBER
PAYMENT,INNO_PO_NUMBER,NONCLUSTERED,False,False,PO_NUMBER
PDF_FORM,PK_PDF_FORM_1,CLUSTERED,True,True,PDF_ID
PDF_FORM,INNO_APP_ID_PDF_TYPE,NONCLUSTERED,False,False,"APP_ID, PDF_TYPE"
PDF_FORM,INNO_CONTRACT_ID,NONCLUSTERED,False,False,CONTRACT_ID
PDF_FORM,INNO_INVOICE_ID,NONCLUSTERED,False,False,INVOICE_ID
PDF_FORM,INNO_PDF_TYPE,NONCLUSTERED,False,False,PDF_TYPE
PDF_FORM,INNO_PO_ID,NONCLUSTERED,False,False,PO_ID
PDF_FORM,INNO_REPAY_ID,NONCLUSTERED,False,False,REPAY_ID
PDF_FORM,INNO_TAX_ID,NONCLUSTERED,False,False,TAX_ID
PDF_FORM,INNO_TAX_INVOICE_ID,NONCLUSTERED,False,False,TAX_INVOICE_ID
PDF_NOTICE,PK_PDF_NOTICE,CLUSTERED,True,True,PDF_NOTICE_ID
PERFORMANCE_CALLPHONE,PK_PERFORMANCE_CALLPHONE,CLUSTERED,True,True,PERFORMANCE_ID
PERSON,PK_HP_PERSON,CLUSTERED,True,True,PERSON_ID
PERSON,INNO_APP_ID,NONCLUSTERED,False,False,APP_ID
PERSON,INNO_APPROVE_CUSTOMER,NONCLUSTERED,False,False,APPROVE_CUSTOMER
PERSON,INNO_Balloon_Type,NONCLUSTERED,False,False,Balloon_Type
PERSON,INNO_Disease_ID,NONCLUSTERED,False,False,Disease_ID
PERSON,INNO_MEDIA_ADJUSTED,NONCLUSTERED,False,False,MEDIA_ADJUSTED
PERSON,INNO_Narcotic_ID,NONCLUSTERED,False,False,Narcotic_ID
PERSON,INNO_OCCUPATION_CODE,NONCLUSTERED,False,False,OCCUPATION_CODE
PERSON,INNO_PHONE,NONCLUSTERED,False,False,PHONE
PERSON,INNO_SEX,NONCLUSTERED,False,False,SEX
PERSON,INNO_TAX_ID,NONCLUSTERED,False,False,TAX_ID
PERSON,INNO_UNIVERSITY_NAME,NONCLUSTERED,False,False,"UNIVERSITY_NAME, FACULTY_NAME, OCCUPATION_CODE"
PERSON,MEDIA_ADJUSTED,NONCLUSTERED,False,False,MEDIA_ADJUSTED
PERSON_Dept,PK_HP_PERSON_Dept,CLUSTERED,True,True,PERSON_ID
PERSON_File_Attached,PK_PERSON_File_Attached,CLUSTERED,True,True,STM_FILE_ATTACHED_ID
PERSON_PHONE_DUP,PK_PERSON_PHONE_DUP,CLUSTERED,True,True,ID
Privileges,PK__Privileg__3213E83F93749C47,CLUSTERED,True,True,id
PRODUCT,PK_PRODUCT_HP,CLUSTERED,True,True,PRODUCT_ID
PRODUCT,INDEX_NCL_PRODUCT_APP_ID_IN_INTEREST_AMT,NONCLUSTERED,False,False,APP_ID
PRODUCT,INNO_ABM_NUMBER,NONCLUSTERED,False,False,ABM_NUMBER
PRODUCT,INNO_ABM_STARTDATE,NONCLUSTERED,False,False,"ABM_STARTDATE, ABM_ENDDATE"
PRODUCT,INNO_ACS_ID,NONCLUSTERED,False,False,ACS_ID
PRODUCT,INNO_Balloon_Type,NONCLUSTERED,False,False,Balloon_Type
PRODUCT,INNO_HP_AMT,NONCLUSTERED,False,False,"HP_AMT, INTEREST_AMT"
PRODUCT,INNO_INSTALL_SUM_FINAL,NONCLUSTERED,False,False,"INSTALL_SUM_FINAL, INSTALL_NUM"
PRODUCT,INNO_PRODUCT_BAND,NONCLUSTERED,False,False,PRODUCT_BAND
PRODUCT,INNO_PRODUCT_CATEGORY,NONCLUSTERED,False,False,PRODUCT_CATEGORY
PRODUCT,INNO_PRODUCT_COLOR,NONCLUSTERED,False,False,PRODUCT_COLOR
PRODUCT,INNO_PRODUCT_SERIES,NONCLUSTERED,False,False,PRODUCT_SERIES
PRODUCT,INNO_PRODUCT_SUB_SERIES,NONCLUSTERED,False,False,PRODUCT_SUB_SERIES
PRODUCT,INNO_QUOTATION_ID,NONCLUSTERED,False,False,QUOTATION_ID
PRODUCT,INNO_SERIAL_NUMBER,NONCLUSTERED,False,False,SERIAL_NUMBER
PRODUCT,INNO_TRADE_IN_TYPE,NONCLUSTERED,False,False,TRADE_IN_TYPE
PRODUCT,INNO_TYPE_LOAN_HP,NONCLUSTERED,False,False,TYPE_LOAN_HP
PRODUCT_CHECK_TRADEIN,PK_PRODUCT_CHECK_TRADEIN,CLUSTERED,True,True,PRODUCT_TRADEIN_ID
PRODUCT_Dept,PK_PRODUCT_HP_Dept,CLUSTERED,True,True,PRODUCT_ID
PRODUCT_INFORMATION,PK_PRODUCT_INFORMATION,CLUSTERED,True,True,ID
PRODUCT_TEST,PK_PRODUCT_HP_TEST,CLUSTERED,True,True,PRODUCT_ID
PROSPECT_CUSTOMER,PK_PROSPECT_CUSTOMER,CLUSTERED,True,True,PST_CUST_ID
PROSPECT_CUSTOMER,INNO_QUOTATION_ID,NONCLUSTERED,False,False,QUOTATION_ID
PROSPECT_CUSTOMER,INNO_TAX_ID,NONCLUSTERED,False,False,TAX_ID
PROSPECT_CUSTOMER,MEDIA_ADJUSTED,NONCLUSTERED,False,False,MEDIA_ADJUSTED
PROSPECT_CUSTOMER_20220104,PK_PROSPECT_CUSTOMER_20220104,CLUSTERED,True,True,PST_CUST_ID
PROSPECT_GUARANTOR,PK_PROSPECT_GUARANTOR,CLUSTERED,True,True,PST_GUAR_ID
PROSPECT_GUARANTOR,INNO_ACCEPT_STATUS,NONCLUSTERED,False,False,ACCEPT_STATUS
PROSPECT_GUARANTOR,INNO_ACTIVE_STATUS,NONCLUSTERED,False,False,ACTIVE_STATUS
PROSPECT_GUARANTOR,INNO_QUOTATION_ID,NONCLUSTERED,False,False,QUOTATION_ID
PROSPECT_GUARANTOR,INNO_RESULT_GUARANTOR,NONCLUSTERED,False,False,RESULT_GUARANTOR
PURCHASE_ORDER,PK_PURCHASE_ORDER,CLUSTERED,True,True,PO_ID
PURCHASE_ORDER,INNO_APP_ID_INDEX,NONCLUSTERED,False,False,APP_ID
PURCHASE_ORDER,INNO_PO_DATE,NONCLUSTERED,False,False,PO_DATE
PURCHASE_ORDER,INNO_PO_NUMBER,NONCLUSTERED,False,False,PO_NUMBER
PURCHASE_ORDER,INNO_STATUD_ID,NONCLUSTERED,False,False,STATUD_ID
PURCHASE_VOUCHER,PK_PURCHASE_VOUCHER,CLUSTERED,True,True,PV_ID
PURCHASE_VOUCHER_DETAIL,PK_PURCHASE_VOUCHER_DETAIL,CLUSTERED,True,True,PV_DETAIL_ID
QueryLog,PK__QueryLog__5E5499A8615D0690,CLUSTERED,True,True,LogID
QUOTATION,PK_QUOTATION,CLUSTERED,True,True,QUOTATION_ID
QUOTATION,INNO_Addr_KYC_ID,NONCLUSTERED,False,False,Addr_KYC_ID
QUOTATION,INNO_BRANCH_ID,NONCLUSTERED,False,False,BRANCH_ID
QUOTATION,INNO_CREATE_DATE,NONCLUSTERED,False,False,CREATE_DATE
QUOTATION,INNO_DEFAULT_DOWN_PERCENT,NONCLUSTERED,False,False,DEFAULT_DOWN_PERCENT
QUOTATION,INNO_Delivery_ID,NONCLUSTERED,False,False,Delivery_ID
QUOTATION,INNO_DUEDATE_KYC,NONCLUSTERED,False,False,DUEDATE_KYC
QUOTATION,INNO_FLAG_GUARANTOR,NONCLUSTERED,False,False,FLAG_GUARANTOR
QUOTATION,INNO_PERIOD_KYC,NONCLUSTERED,False,False,PERIOD_KYC
QUOTATION,INNO_PRODUCT_BAND,NONCLUSTERED,False,False,PRODUCT_BAND
QUOTATION,INNO_PRODUCT_CATEGORY,NONCLUSTERED,False,False,PRODUCT_CATEGORY
QUOTATION,INNO_PRODUCT_COLOR,NONCLUSTERED,False,False,PRODUCT_COLOR
QUOTATION,INNO_PRODUCT_SERIES,NONCLUSTERED,False,False,PRODUCT_SERIES
QUOTATION,INNO_PRODUCT_SUB_SERIES,NONCLUSTERED,False,False,PRODUCT_SUB_SERIES
QUOTATION,INNO_QT_DATE,NONCLUSTERED,False,False,QT_DATE
QUOTATION,INNO_STATUS_ID,NONCLUSTERED,False,False,STATUS_ID
QUOTATION_20220104,PK_QUOTATION_20220104,CLUSTERED,True,True,QUOTATION_ID
RECORD_RECEIPT_PAYMENT,PK_RECORD_RECEIPT_PAYMENT,CLUSTERED,True,True,REC_RP_ID
RECORD_RECEIPT_PAYMENT,INNO_PAYMENT_ID,NONCLUSTERED,False,False,PAYMENT_ID
RECORD_REPAYMENT,PK_RECORD_REPAYMENT,CLUSTERED,True,True,REC_REPAY_ID
REPAY_TRANSACTION,PK_REPAY_TRANSANTION,CLUSTERED,True,True,TRANSACTION_ID
REPAYMENT,PK_REPAYMENT,CLUSTERED,True,True,REPAY_ID
REPAYMENT,INDEX_NCL_REPAYMENT_CONTRACT_ID_REPAY_TYPE_PAY_DATE_IN_REPAY_ID,NONCLUSTERED,False,False,"CONTRACT_ID, REPAY_TYPE, PAY_DATE"
REPAYMENT,INDEX_NCL_REPAYMENT_CONTRACT_ID_REPAY_TYPE_PAY_DATE_INSTALL_IN_REPAY_ID,NONCLUSTERED,False,False,"CONTRACT_ID, REPAY_TYPE, PAY_DATE, INSTALL"
REPAYMENT,INDEX_NCL_REPAYMENT_CONTRACT_ID_REPAY_TYPE_STATUS_ID_IN_REPAY_ID_REPAY_DATE_PAY_DATE,NONCLUSTERED,False,False,"CONTRACT_ID, REPAY_TYPE, STATUS_ID"
REPAYMENT,INDEX_NCL_REPAYMENT_CONTRACT_ID_REPAY_TYPE_STATUS_ID_INSTALL_IN_REPAY_ID_REPAY_DATE_REPAY_PENALTY_PAY_DATE_,NONCLUSTERED,False,False,"CONTRACT_ID, REPAY_TYPE, STATUS_ID, INSTALL"
REPAYMENT,INDEX_NCL_REPAYMENT_CONTRACT_ID_STATUS_ID_PAY_DATE_IN_REPAY_ID,NONCLUSTERED,False,False,"CONTRACT_ID, STATUS_ID, PAY_DATE"
REPAYMENT,INDEX_NCL_REPAYMENT_CONTRACT_ID_STATUS_ID_PAY_DATE_INSTALL,NONCLUSTERED,False,False,"CONTRACT_ID, STATUS_ID, PAY_DATE, INSTALL"
REPAYMENT,INDEX_NCL_REPAYMENT_REPAY_DATE_REPAY_PENALTY_PAY_PENALTY_IN_REPAY_ID,NONCLUSTERED,False,False,"REPAY_DATE, REPAY_PENALTY, PAY_PENALTY"
REPAYMENT,INDEX_NCL_REPAYMENT_REPAY_TYPE_IN_CONTRACT_ID_CUSTOMER_CARD_ID_REPAY_DATE_FLAG_EARLY_CLOSE_REPAY_ID_INSTALL,NONCLUSTERED,False,False,REPAY_TYPE
REPAYMENT,INDEX_NCL_REPAYMENT_REPAY_TYPE_REPAY_DATE_IN_CONTRACT_ID_CUSTOMER_CARD_ID_REPAY_ID,NONCLUSTERED,False,False,"REPAY_TYPE, REPAY_DATE"
REPAYMENT,INDEX_NCL_REPAYMENT_REPAY_TYPE_STATUS_ID_IN_CONTRACT_ID_PAY_AMT_PAY_VAT,NONCLUSTERED,False,False,"REPAY_TYPE, STATUS_ID"
REPAYMENT,INDEX_NCL_REPAYMENT_REPAY_TYPE_STATUS_ID_PAY_DATE_IN_REPAY_ID_CONTRACT_ID,NONCLUSTERED,False,False,"REPAY_TYPE, STATUS_ID, PAY_DATE"
REPAYMENT,INDEX_NCL_REPAYMENT_REPAY_TYPE_STATUS_ID_REPAY_DATE_IN_CONTRACT_ID_CUSTOMER_CARD_ID_REPAY_ID,NONCLUSTERED,False,False,"REPAY_TYPE, STATUS_ID, REPAY_DATE"
REPAYMENT,INNO_APP_ID_STATUS_ID_REPAY_TYPE,NONCLUSTERED,False,False,"APP_ID, STATUS_ID, REPAY_TYPE"
REPAYMENT,INNO_CONTRACT_NUMBER,NONCLUSTERED,False,False,CONTRACT_NUMBER
REPAYMENT,INNO_CREATE_DATE,NONCLUSTERED,False,False,"CREATE_DATE, STATUS_ID, REPAY_TYPE"
REPAYMENT,INNO_CUSTOMER_CARD_ID,NONCLUSTERED,False,False,CUSTOMER_CARD_ID
REPAYMENT,INNO_INSTALL,NONCLUSTERED,False,False,INSTALL
REPAYMENT,INNO_INVOICE_ID,NONCLUSTERED,False,False,INVOICE_ID
REPAYMENT,INNO_MAKE_DATE,NONCLUSTERED,False,False,MAKE_DATE
REPAYMENT,INNO_PAY_DATE,NONCLUSTERED,False,False,PAY_DATE
REPAYMENT,INNO_PAY_NAME,NONCLUSTERED,False,False,PAY_NAME
REPAYMENT,INNO_PHY_NUMBER,NONCLUSTERED,False,False,PHY_NUMBER
REPAYMENT,INNO_RECEIPT_NUMBER,NONCLUSTERED,False,False,RECEIPT_NUMBER
REPAYMENT,INNO_STATUS_ID,NONCLUSTERED,False,False,STATUS_ID
REPAYMENT,INNO_TAX_NUMBER,NONCLUSTERED,False,False,TAX_NUMBER
REPAYMENT_20220224,PK_REPAYMENT_20220224,CLUSTERED,True,True,REPAY_ID
REPAYMENT_Dept,PK_REPAYMENT_Dept,CLUSTERED,True,True,REPAY_ID
REPAYMENT_TEST_DayEnd,PK_REPAYMENT_TEST_DayEnd,CLUSTERED,True,True,REPAY_ID
Report_Aging,INNO_CHECK_FIRST_OVD_DUE_DATE,NONCLUSTERED,False,False,CHECK_FIRST_OVD_DUE_DATE
Report_Aging,INNO_CONTRACT_ID,NONCLUSTERED,False,False,CONTRACT_ID
Report_Aging,INNO_REPORT_MONTH,NONCLUSTERED,False,False,REPORT_MONTH
Report_Balance_defered_interest,INNO_REPORT_MONTH,NONCLUSTERED,False,False,REPORT_MONTH
Report_outstanding_accounts_receivable,INNO_REPORT_MONTH,NONCLUSTERED,False,False,REPORT_MONTH
RESERVER_REPAYMENT,PK_RESERVER_REPAYMENT,CLUSTERED,True,True,RESERVER_ID
RESERVER_REPAYMENT,INNO_CONTRACT_ID,NONCLUSTERED,False,False,CONTRACT_ID
RESERVER_REPAYMENT,INNO_REFERENCE_01,NONCLUSTERED,False,False,REFERENCE_01
RESERVER_REPAYMENT,INNO_REPAY_ID,NONCLUSTERED,False,False,REPAY_ID
RESERVER_REPAYMENT,INNO_STATUS_ID,NONCLUSTERED,False,False,STATUS_ID
RSM_ASM,PK_RSM_ASM,CLUSTERED,True,True,ID
serverRegisteration,PK__serverRe__3213E83F5C0C9874,CLUSTERED,True,True,id
SETUP_APPROVAL_HISTORY,PK_SETUP_APPROVAL_HISTORY,CLUSTERED,True,True,APR_HISTORY_ID
SETUP_AUTHORIZED_APPROVE,PK_SETUP_AUTHORIZED_APPROVE,CLUSTERED,True,True,SETUP_APR_ID
SETUP_AUTHORIZED_APPROVE_LIST,PK_SETUP_AUTHORIZED_APPROVE_LIST,CLUSTERED,True,True,LIST_APR_ID
SETUP_COMPANY,PK_SETUP_COMPANY,CLUSTERED,True,True,COMPANY_ID
SETUP_COMPANY_BRANCH,PK_SETUP_COMPANY_BRANCH,CLUSTERED,True,True,COMP_BRANCH_ID
SETUP_COMPANY_BRANCH,INNO_BRANCH_TYPE,NONCLUSTERED,False,False,BRANCH_TYPE
SETUP_CREDIT_LIMIT,PK_SETUP_CREDIT_LIMIT,CLUSTERED,True,True,CREDIT_LIMT_ID
SETUP_CREDIT_LIMIT_DETAIL,PK_SETUP_CREDIT_LIMIT_DETAIL,CLUSTERED,True,True,CMT_DET_ID
SETUP_GUARANTOR_CONDITION,PK_SETUP_GUARANTOR_CONDITION,CLUSTERED,True,True,SETUP_GUAR_ID
SETUP_MT_MODEL,PK_SETUP_MT_MODEL,CLUSTERED,True,True,MODEL_ID
SETUP_MT_MODEL_CONDITION,PK_SETUP_MT_MODEL_CONDITION,CLUSTERED,True,True,CONDITION_ID
SETUP_MT_MODEL_CONDITION,Inno_SETUP_MT_MODEL_CONDITION_MODEL_ID_INDEX,NONCLUSTERED,False,False,MODEL_ID
SETUP_MT_MODEL_CONDITION_DETAIL,PK_SETUP_MT_MODEL_CONDITION_DETAIL,CLUSTERED,True,True,CONDITION_DETAIL_ID
SETUP_MT_MODEL_CONDITION_DETAIL,Inno_SETUP_MT_MODEL_CONDITION_DETAIL_CONDITION_ID_INDEX,NONCLUSTERED,False,False,CONDITION_ID
SETUP_MT_MODEL_INPUT,PK_SETUP_MT_MODEL_INPUT,CLUSTERED,True,True,INPUT_ID
SETUP_PARTNER,PK_DEALER,CLUSTERED,True,True,PARTNER_ID
SETUP_PARTNER_BRANCH,PK_SETUP_PARTNER_BRANCH,CLUSTERED,True,True,P_BRANCH_ID
SETUP_PARTNER_EMPLOYEE,PK_DEALER_EMPLOYEE,CLUSTERED,True,True,P_EMP_ID
SETUP_PRODUCT_CONDITION,PK_SETUP_HP_PRODUCT,CLUSTERED,True,True,HP_PRODUCT_ID
SETUP_PRODUCT_CONDITION_DETAIL,PK_SETUP_HP_PRODUCT_DETAIL,CLUSTERED,True,True,PROD_DETAIL_ID
SETUP_SCORING,PK_SETUP_SCORING,CLUSTERED,True,True,SETUP_SCORING_ID
SETUP_SCORING_LIST,PK_SETUP_SCORING_LIST,CLUSTERED,True,True,LIST_SCR_ID
SETUP_SCORING_SUBLIST,PK_SETUP_SCORING_SUBLIST,CLUSTERED,True,True,SUBLIST_SCR_ID
SETUP_UW_APR,PK_SETUP_UW_APR,CLUSTERED,True,True,UW_APR_ID
SETUP_UW_APR_CRITERIA,PK_APPROVE_CRITERIA,CLUSTERED,True,True,APR_CRITERIA_ID
STATEMENT_FILE_PASSWORD,STATEMENT_FILE_PASSWORD_PK,CLUSTERED,True,True,ID
STATEMENT_FILE_PASSWORD,STATEMENT_FILE_PASSWORD_QUOTATION_NO_IDX,NONCLUSTERED,False,False,QUOTATION_NO
SUB_EMPLOYEE,PK_SUB_EMPLOYEE,CLUSTERED,True,True,SUB_EMP_ID
sysdiagrams,PK__sysdiagr__C2B05B6181D6BE7F,CLUSTERED,True,True,diagram_id
sysdiagrams,UK_principal_name,NONCLUSTERED,False,True,"principal_id, name"
TASK_SCHEDULER_QUEUE,PK_NBC_WORK_QUEUE,CLUSTERED,True,True,ID
TASK_SCHEDULER_QUEUE_DETAILED,NBC_WORK_QUEUE_DETAILED_PK,CLUSTERED,True,True,ID
TAX_INVOICE,PK_TAX_INVOICE,CLUSTERED,True,True,TAX_INVOICE_ID
TEMP_DATA_RECAL,PK_TEMP_DATA_RECAL,CLUSTERED,True,True,SEQ
TEMP_DATA_RECEIPT,PK_TEMP_DATA_RECEIPT,CLUSTERED,True,True,ID
TEMP_DATA_TAXINVOICE,PK_TEMP_DATA_TAXINVOICE,CLUSTERED,True,True,ID
TEMP_ERROR_SEND_API,TEMP_ERROR_SEND_API_PK,CLUSTERED,True,True,ID
TEMP_GEN_PDF_TERMINATE,PK_TEMP_GEN_PDF_TERMINATE_1,CLUSTERED,True,True,ID
Temp_History_OD,PK_Temp_History_OD,CLUSTERED,True,True,ID
Temp_History_OD,INDEX_NCL_Temp_History_OD_CONTRACT_ID_IN_ID,NONCLUSTERED,False,False,CONTRACT_ID
Temp_History_OD,INDEX_NCL_Temp_History_OD_DATA_DATE_IN_DATA_DATE,NONCLUSTERED,False,False,DATA_DATE
Temp_History_OD,INDEX_NCL_Temp_History_OD_DATA_DATE_IN_OUTSTD_SUM_PRINCIPLE_OUTSTD_SUM_INTEREST_OUTSTD_SUM_VAT,NONCLUSTERED,False,False,"OUTSTD_SUM_PRINCIPLE, OUTSTD_SUM_INTEREST, OUTSTD_SUM_VAT"
Temp_History_OD,INDEX_NCL_Temp_History_OD_DATA_DATE_OVERDUE_IN_OUTSTD_SUM_PRINCIPLE_OUTSTD_SUM_INTEREST_OUTSTD_SUM_VAT,NONCLUSTERED,False,False,"DATA_DATE, OVERDUE"
Temp_IMPORT_CF_PO,PK_Temp_IMPORT_CF_PO,CLUSTERED,True,True,SEQ_ID
Temp_log_GEN_INVWBARCODE,PK__Temp_log__3214EC27A424F225,CLUSTERED,True,True,ID
Temp_Log_SP_GEN_INVOICE,PK_Temp_Log_SP_GEN_INVOICE,CLUSTERED,True,True,ID
Temp_log_SP_HISTORY_OD,PK_Temp_log_SP_HISTORY_OD,CLUSTERED,True,True,ID
Temp_log_SP_HISTORY_OD,INDEX_NCL_Temp_Log_SP_HISTORY_OD_DUE_DATE_IN_ID,NONCLUSTERED,False,False,DUE_DATE
TEMP_MT_MODEL_CONDITION,PK_TEMP_MT_MODEL_CONDITION,CLUSTERED,True,True,ID
TEMP_MT_MODEL_CONDITION,Inno_TEMP_MT_MODEL_CONDITION_APP_ID_INDEX,NONCLUSTERED,False,False,"APP_ID, RUNNING"
TEMP_MT_MODEL_CONDITION,Inno_TEMP_MT_MODEL_CONDITION_INPUT_REFERENCE_INDEX,NONCLUSTERED,False,False,INPUT_REFERENCE
TEMP_MT_MODEL_CONDITION_DETAIL,PK_TEMP_MT_MODEL_CONDITION_DETAIL,CLUSTERED,True,True,ID
TEMP_MT_MODEL_CONDITION_DETAIL,Inno_TEMP_MT_MODEL_CONDITION_DETAIL_APP_ID_INDEX,NONCLUSTERED,False,False,"APP_ID, RUNNING"
Temp_OD_Ratio_Amount_Balance,PK_Temp_OD_Ratio_Amount_Balance,CLUSTERED,True,True,Amount_ID
Temp_OD_Ratio_Unit_Balance,PK_Temp_OD_Ratio_Unit_Balance,CLUSTERED,True,True,Unit_ID
Temp_Performance_DateRange,PK_Temp_Performance_DateRange,CLUSTERED,True,True,id
Temp_Performance_Month,PK_Temp_Performance_Month,CLUSTERED,True,True,id
Temp_QR_Down,PK_Temp_QR_Down,CLUSTERED,True,True,TEMP_QR_DOWN_ID
TEMP_TaskWorkFlowK2_API,PK_TEMP_TaskWorkFlowK2_API,CLUSTERED,True,True,SEQ_ID
Temp_TAX_Down0,PK_Temp_TAX_Down0_1,CLUSTERED,True,True,TAX_ID
TEMP_UNLOCK_UFUND,PK_TEMP_UNLOCK_UFUND,CLUSTERED,True,True,SEQ_ID
TEMPLATE_IMPORT_EXCEL,PK_TEMPLATE_IMPORT_EXCEL,CLUSTERED,True,True,TEMPLATE_ID
TestDBTranfers,PK_TestDBTranfers,CLUSTERED,True,True,ID
TRANSACTION_CONTRACT_WRITE_OFF,PK_TTP_CONTRACT_WRITE_OFF,CLUSTERED,True,True,TRAN_CONT_WO_ID
TRANSACTION_CONTRACT_WRITE_OFF,INNO_CONTRACT_NUMBER,NONCLUSTERED,False,False,CONTRACT_NUMBER
TRANSACTION_CONTRACT_WRITE_OFF,INNO_REPAY_DATE,NONCLUSTERED,False,False,REPAY_DATE
TRANSACTION_CREDIT_NOTE,PK_TRANSACTION_CREDIT_NOTE,CLUSTERED,True,True,TRANSACTION_ID
TRANSACTION_REPAY,PK_TRANSACTION_REPAY,CLUSTERED,True,True,TRANSACTION_ID
TTA_COUNTRY,PK_TTA_COUNTRY,CLUSTERED,True,True,SEQ_ID
TTA_DISTRICT,PK_TTA_DISTRICT,CLUSTERED,True,True,SEQ_ID
TTA_PROVINCE,PK_TTA_PROVINCE,CLUSTERED,True,True,SEQ_ID
TTA_SUB_DISTRICT,PK_TTA_SUB_DISTRICT,CLUSTERED,True,True,SEQ_ID
TTP_ACCESS_TOKEN,PK_TTP_ACCESS_TOKEN,CLUSTERED,True,True,SEQ_ID
TTP_ACTIVITIES_LOG,PK_TTP_ACTIVITIES_LOG,CLUSTERED,True,True,SEQ_ID
TTP_API_KEY,PK_TTP_API_KEY,CLUSTERED,True,True,SEQ_ID
TTP_APPL_PAYMENT,PK_TTP_APPL_PAYMENT,CLUSTERED,True,True,SEQ_ID
TTP_APPL_TRANS,PK_TTP_APPL_TRANS,CLUSTERED,True,True,SEQ_ID
TTP_APPL_TRANS,PAYMENT_STATUS_IDX,NONCLUSTERED,False,False,PAYMENT_STATUS
TTP_BILLPAY_IMP,PK_TTP_BILLPAY_IMP,CLUSTERED,True,True,SEQ_ID
TTP_BILLPAY_RESULT_IMP,PK_TTP_BILLPAY_RESULT_IMP,CLUSTERED,True,True,SEQ_ID
TTP_CAC_RPT,PK_TTP_CAC_RPT,CLUSTERED,True,True,SEQ_ID
TTP_CAC_RPT_BACKUP,PK_TTP_CAC_RPT_BACKUP,CLUSTERED,True,True,SEQ_ID
TTP_COMPANY_DATA,PK_TTP_COMPANY_DATA,CLUSTERED,True,True,COMP_CODE
TTP_CONT_APPL_RPT,PK_TTP_CONT_APPL_RPT,CLUSTERED,True,True,SEQ_ID
TTP_CONTRACT_DUTY_RPT,PK_TTP_CONTRACT_DUTY_RPT,CLUSTERED,True,True,SEQ_ID
TTP_EDC_TID_DATA,PK_TTP_EDC_TID_DATA,CLUSTERED,True,True,SEQ_ID
TTP_FIN_PAYMENT_RPT,PK_TTP_FIN_PAYMENT_RPT,CLUSTERED,True,True,SEQ_ID
TTP_FIN_RECEIPT_RPT,PK_TTP_FIN_RECEIPT_RPT,CLUSTERED,True,True,SEQ_ID
TTP_INV_BARCODE,PK_TTP_INV_BARCODE,CLUSTERED,True,True,SEQ_ID
TTP_INV_BARCODE,INV_NO_REF2_NO_IDX,NONCLUSTERED,False,False,"INV_NO, REF2_NO"
TTP_INV_BARCODE,TTP_INV_BARCODE_REF1_NO_IDX,NONCLUSTERED,False,False,"REF1_NO, REF2_NO"
TTP_JOB_MONITOR,PK_JOB_MONITOR,CLUSTERED,True,True,SEQ_ID
TTP_JOB_RUNNING,PK_JOB_RUNNING,CLUSTERED,True,True,SEQ_ID
TTP_OS_HPCUST_RPT,PK_TTP_OS_HPCUST_RPT,CLUSTERED,True,True,SEQ_ID
TTP_PARAMETER_DATA,PK_TTP_PARAMETER_DATA,CLUSTERED,True,True,SEQ_ID
TTP_PARAMETER_GROUP,PK_TTP_PARAMETER_GROUP,CLUSTERED,True,True,SEQ_ID
TTP_PAYMENT_NOTIFY,PK_TTP_PAYMENT_NOTIFY,CLUSTERED,True,True,SEQ_ID
TTP_PERMISSION,PK_TTP_PERMISSION,CLUSTERED,True,True,SEQ_ID
TTP_QR_DOWN,PK_TTP_QR_DOWN,CLUSTERED,True,True,QRD_ID
TTP_QR_DOWN,PAYMENT_REF1_IDX,NONCLUSTERED,False,False,PAYMENT_REF1
TTP_ROLE,PK_TTP_ROLE,CLUSTERED,True,True,SEQ_ID
TTP_ROLE_PERMISSION,PK_TTP_ROLE_PERMISSION,CLUSTERED,True,True,SEQ_ID
TTP_SMS_RESULT,PK_TTP_SMS_RESULT,CLUSTERED,True,True,SEQ_ID
TTP_STOCK_MOVEMENT,PK_STOCK_MOVEMENT,CLUSTERED,True,True,SEQ_ID
TTP_STOCK_MOVEMENT_HIST,PK_STOCK_MOVEMENT_HIST,CLUSTERED,True,True,SEQ_ID
TTP_STOCK_MS,PK_STOCK_MS,CLUSTERED,True,True,SEQ_ID
TTP_USER,PK_TTP_USER,CLUSTERED,True,True,SEQ_ID
TTP_VAT_RPT,PK_TTP_VAT_RPT,CLUSTERED,True,True,SEQ_ID
TTP_VERSION,PK_TTP_VERSION,CLUSTERED,True,True,SEQ_ID
TTP_VOUCHER_DETAIL,PK_TTP_VOUCHER_DETAIL,CLUSTERED,True,True,SEQ_ID
TTP_VOUCHER_DETAIL_TEMP,PK_TTP_VOUCHER_DETAIL_TEMP,CLUSTERED,True,True,SEQ_ID
TTP_VOUCHER_SUMMARY,PK_TTP_VOUCHER_SUMMARY,CLUSTERED,True,True,SEQ_ID
TTP_XBANK_LOG,PK_TTP_PAYMENT_DATA,CLUSTERED,True,True,SEQ_ID
UFUNDInterface,PK_UFUNDInterface,CLUSTERED,True,True,Interface_ID
UFUNDInterface,IDX_PST_CUST_ID_UFUNDInterface,NONCLUSTERED,False,False,PST_CUST_ID
UFUNDInterface,IDX_QUOTATION_ID_UFUNDInterface,NONCLUSTERED,False,False,QUOTATION_ID
