table,row_count,n_cols,created,modified,is_junk
CreditScrolling_Logs_Contract,239757512,15,2021-07-08,2025-07-02,
ACCOUNT,25977684,16,2020-08-05,2026-08-03,
COLLECTION_OD,15653423,33,2026-04-08,2026-04-08,
TTP_VOUCHER_DETAIL,14487412,22,2021-01-26,2025-08-06,
ACCOUNT_CHECK_GL,14120139,19,2023-07-20,2023-07-20,
TTP_VOUCHER_DETAIL_TEMP,13380693,22,2026-07-03,2026-07-03,junk
TTP_OS_HPCUST_RPT,9884306,27,2020-09-26,2025-05-12,
TRANSACTION_REPAY,9726881,7,2020-08-05,2022-03-17,
LOG_SCB_BILLPAYMENT,8046250,17,2022-11-28,2026-08-17,
LOG_SCB_BILLPAYMENT_AUTO,7091509,8,2023-02-06,2025-05-12,
REPAYMENT_BACKUP,6276131,47,2022-02-24,2022-03-17,junk
CUSTOMER_CARD,5816576,26,2020-08-05,2025-07-02,
ACCOUNT_RECEIVABLE,5711811,11,2020-08-05,2025-05-13,
TAX_INVOICE,5242725,11,2020-08-13,2022-03-17,
REPAYMENT,5205084,47,2021-08-26,2026-04-27,
Temp_History_OD,5067003,30,2021-08-01,2025-07-02,
TTP_VAT_RPT,4809559,18,2020-08-12,2022-03-17,
TTP_APPL_TRANS,4576472,40,2020-09-05,2024-11-01,
TTP_INV_BARCODE,4477750,13,2020-08-25,2025-07-02,
BANK_IMPRORT,4411373,17,2022-03-17,2025-07-02,
INVOICE,4396632,24,2020-08-13,2025-07-02,
ACCOUNT_BACKUP,4329473,17,2022-05-11,2022-05-11,junk
Report_Balance_defered_interest,4219562,17,2023-07-25,2025-05-20,
Report_outstanding_accounts_receivable,4213196,17,2023-07-25,2025-05-12,
Report_Aging,4014076,31,2023-08-30,2025-07-02,
CONTACT_DEBT_COLLECTION,3458610,14,2023-07-27,2025-07-02,
APPLICATION_SCORING_DETAIL,3108484,8,2022-04-04,2025-05-12,
ACCOUNT_GENERAL,2896271,10,2020-08-05,2022-03-17,
PDF_FORM,2553579,14,2020-08-05,2025-07-02,
LOGGED_EMAIL_LISTS,2418448,15,2023-03-07,2024-02-23,
HCTI,2214389,22,2025-01-02,2025-05-12,
APPROVAL_HISTORY,2112027,9,2020-08-05,2026-05-08,
UFUNDInterface,2029531,12,2025-09-24,2025-09-26,
NCAP_PAYMENT,2028719,6,2025-01-07,2025-02-05,
INSTALLMENT_PLAN,1850935,15,2024-12-20,2024-12-20,
CUSTOMER_CARD_BACKUP,1818528,25,2022-03-07,2022-03-16,junk
LOGS_SEND_INET,1193966,13,2025-09-16,2026-02-03,
TTP_ACTIVITIES_LOG,1125409,9,2020-08-12,2022-03-17,
NCAP_STATUS,1048575,5,2025-01-07,2025-05-12,
BANK_IMPRORT_BACKUP,1024262,18,2023-12-22,2023-12-22,junk
ADDRESS_PROSPECT_CUSTOMER,987534,80,2020-08-05,2025-05-13,
QUOTATION,801197,107,2022-07-17,2025-10-16,
PROSPECT_CUSTOMER,800291,132,2020-10-29,2025-07-02,
LOG_ReGenTAX,722708,5,2023-07-19,2023-07-19,
TRANSACTION_REPAY_BACKUP_220116,644053,5,2022-01-16,2022-01-16,junk
TRANSACTION_REPAY_220115,643805,5,2022-01-15,2022-01-15,junk
APPLICATION_SCORING,621697,7,2022-04-04,2025-05-12,
RESERVER_REPAYMENT,619346,16,2020-09-14,2025-07-02,
LOG_SEND_SMS,601479,20,2022-02-18,2025-07-02,
IMAGE_FILE,582811,44,2020-08-05,2025-07-02,
TTP_CONTRACT_DUTY_RPT,576386,26,2020-08-20,2025-05-12,
TAX_INVOICE_BACKUP,564215,12,2023-03-15,2023-03-15,junk
CUSTOMER_CARD_220116,518225,24,2022-01-16,2022-01-16,junk
CUSTOMER_CARD_220115,516170,24,2022-01-15,2022-01-15,junk
APPROVAL_HISTORY_STATUS_DESC,506337,13,2022-01-31,2025-05-20,
CONTACT,490516,9,2020-08-05,2022-03-17,
APPLICATION,410319,27,2020-10-29,2026-04-23,
PERSON,404758,190,2022-01-16,2025-07-02,
PRODUCT,403771,95,2021-07-20,2025-10-16,
ADDRESS,403295,101,2020-08-05,2025-07-02,
CHECKER,402978,44,2020-08-05,2025-05-12,
CHECKER_GUARANTOR,361180,58,2022-01-31,2024-05-07,
LOG_REPAIR_EFFECTIVE,359410,4,2024-03-25,2024-03-25,
CONTRACT_BACKUP,310309,28,2022-03-16,2022-03-16,junk
RESERVER_REPAYMENT_TempNCB,298374,16,2025-01-06,2025-01-06,
PURCHASE_ORDER,290217,18,2021-09-20,2025-05-20,
CONTRACT_DUTY,288611,16,2020-08-05,2022-03-17,
CONTRACT,288207,30,2022-02-01,2025-07-02,
RECORD_RECEIPT_PAYMENT,286258,18,2020-08-05,2025-05-12,
PAYMENT,286196,24,2020-08-05,2025-05-12,
TTP_CAC_RPT,284094,21,2020-08-20,2025-05-12,
REPAYMENT_BACKUP_20220224,268120,46,2022-02-24,2022-02-24,junk
TTP_SMS_RESULT,266747,10,2021-09-06,2022-03-17,
MT_PACKAGE_SIM_Backup,251599,9,2024-04-29,2024-04-29,junk
CONTRACT_HISTORY_STATUS,248328,11,2022-04-28,2022-04-28,
LOG_PENALTY_COLLECT,246980,14,2021-07-13,2022-03-17,
TTP_QR_DOWN,237613,7,2022-07-27,2025-07-02,
PURCHASE_ORDER_BACKUP,235494,19,2022-05-18,2022-05-18,junk
TTP_VAT_RPT_BACKUP,233689,19,2022-06-20,2022-06-20,junk
NCB_testFormat,230556,33,2022-12-21,2023-06-19,
REPAYMENT_BACKUP_220116,225698,46,2022-01-16,2022-01-16,junk
REPAYMENT_BACKUP_220115,211319,46,2022-01-15,2022-01-15,junk
TAX_INVOICE_BACKUP_220116,194638,11,2022-01-16,2022-01-16,junk
TAX_INVOICE_220115,194396,11,2022-01-15,2022-01-15,junk
RESERVER_REPAYMENT_BACKUP,142950,17,2022-08-25,2022-08-25,junk
Outsource_Credit_Scoring,141488,31,2024-12-19,2025-09-24,
NCAP_INFORMATION,132630,41,2025-02-18,2025-07-02,
LOG_SendAPI,122869,7,2025-07-02,2025-07-02,
LOG_SCB_DOWNPAYMENT,116117,23,2022-07-20,2025-05-12,
Temp_IMPORT_CF_PO,105316,9,2024-08-08,2025-05-12,
QUOTATION_BACKUP,102822,64,2022-03-15,2023-09-15,junk
COLLECTION_OD_ASSIGNMENT,98477,56,2026-07-20,2026-07-20,
20241218_MIS_FD_CustCard,98289,10,2024-12-18,2024-12-18,
CUSTOMER_CARD_TEMP,89706,26,2024-11-07,2025-05-12,junk
APPLICATION_BACKUP,87438,26,2024-05-08,2024-05-08,junk
ASSETS_INFORMATION_PFUND_BACKUP,84295,28,2024-05-04,2024-05-04,junk
TTP_STOCK_MOVEMENT,81567,13,2020-08-12,2025-05-12,
ACCOUNT_LOG,81531,11,2023-08-09,2023-08-09,
STATEMENT_FILE_PASSWORD,79067,5,2025-03-27,2025-07-23,
TTP_VOUCHER_SUMMARY,73553,15,2021-01-26,2025-05-12,
TTP_FIN_RECEIPT_RPT,70378,29,2020-08-12,2024-05-07,
QUOTATION_20220105,69644,2,2022-01-05,2022-01-05,junk
PROSPECT_CUSTOMER_20220105,69600,4,2022-01-05,2022-01-05,junk
QUOTATION_20220104,69382,62,2022-01-04,2025-05-12,junk
PROSPECT_CUSTOMER_20220104,69338,49,2022-01-04,2025-05-12,junk
REPORT_CUSTOMER_CARD_2023_3,68062,15,2023-04-26,2023-04-26,junk
TTP_INV_BARCODE_BACKUP,67386,14,2022-05-11,2022-05-11,junk
INVOICE_BACKUP,66277,25,2022-03-17,2022-03-17,junk
REPORT_CUSTOMER_CARD_2023_2,65693,15,2023-03-15,2023-03-15,junk
TTP_CONT_APPL_RPT,62833,22,2020-08-12,2024-05-07,
LOG_ACCOUNT_ROUNDING,61907,7,2023-08-08,2025-05-12,
LOGS_EMAIL_OTP,54472,10,2025-11-05,2025-11-05,
CUSTOMER_CARD_Dept,52860,24,2021-12-09,2022-03-17,
REPORT_CUSTOMER_CARD_2023_4,41755,15,2023-05-07,2023-05-07,junk
TTP_ACCESS_TOKEN,39771,5,2020-08-12,2022-03-17,
MT_FACULTY,39475,7,2020-08-05,2025-03-06,
TTP_APPL_PAYMENT,38463,37,2022-02-10,2025-05-12,
LOG_EditCustomerInfo,35759,12,2022-03-23,2022-03-23,
MT_DownPercent_BACKUP,32952,28,2024-02-19,2024-02-19,junk
HISTORY_RQ_REJECT_APP,30759,11,2021-03-03,2025-07-02,
MDM_HISTORY_APPLE,29455,11,2026-07-22,2026-07-22,
BANK_IMPRORT_SCB,28240,17,2026-08-14,2026-08-14,
HISTORY_GENERATE,27649,6,2023-03-03,2025-05-12,
TRANSACTION_CONTRACT_WRITE_OFF,26946,8,2024-03-15,2025-07-02,
LOG_PO_Manage,25369,9,2021-07-22,2022-03-17,
LOGS_CALL_API,23892,5,2023-03-28,2025-05-12,
GUARANTOR_ATTACHMENT,23843,8,2022-01-31,2025-05-12,
TEMP_UNLOCK_UFUND,23424,10,2026-07-20,2026-07-22,
HISTORY_CALCULATE_CLOSE_CONTRACT,20680,22,2021-09-20,2022-03-17,
HISTORY_CALULATE_TERMINATE,19377,40,2021-04-06,2022-03-17,
BLACKLIST,18383,12,2021-09-07,2025-05-12,
LOGS_BLACKLIST,18360,17,2021-09-14,2022-03-17,
PDF_NOTICE,17903,8,2021-06-01,2024-05-07,
LOG_ASSETS_INFORMATION,17583,29,2021-10-13,2022-03-17,
Temp_Phone,17495,1,2022-03-04,2022-03-04,
Temp_QR_Down,17449,4,2021-09-16,2025-05-12,
TTP_BILLPAY_IMP,17335,21,2022-01-15,2025-05-12,
CONTRACT_WRITE_OFF,17298,16,2024-03-15,2025-07-02,
INSURANCE_DATA,16829,26,2021-09-20,2022-03-17,
PROSPECT_GUARANTOR,16804,39,2022-01-31,2025-05-12,
PERFORMANCE_CALLPHONE,16635,10,2020-08-05,2022-03-17,
PRODUCT_BACKUP,15256,96,2026-03-13,2026-03-13,junk
LineMessageLogs,15120,8,2023-09-01,2023-09-01,
BILLPAY,13574,13,2022-03-14,2025-05-12,
RESERVER_REPAYMENT_BACKUP_220115,13375,16,2022-01-15,2022-01-15,junk
RESERVER_REPAYMENT_BACKUP_220116,13375,16,2022-01-16,2022-01-16,junk
LOG_Person_Data,13312,24,2021-11-04,2022-03-17,
LOG_REJECT,13097,9,2025-01-31,2025-01-31,
MT_PACKAGE_SIM,13018,9,2025-05-31,2025-05-31,
LOG_EDIT_QUOTATION,13014,10,2022-03-10,2022-03-17,
SETUP_CREDIT_LIMIT_DETAIL,12995,8,2020-08-05,2024-05-07,
GUARANTOR,12629,43,2022-01-31,2025-05-12,
ADDRESS_GUARANTOR,12623,79,2022-01-31,2024-11-06,
RESERVER_REPAYMENT_20211222,10865,16,2021-12-22,2021-12-22,junk
TRANSACTION_REPAY_BACKUP,10301,6,2022-02-21,2025-01-08,junk
ASSETS_INFORMATION_BACKUP,10231,27,2022-07-20,2024-05-21,junk
TTP_XBANK_LOG,9501,17,2022-02-10,2022-03-17,
ACCOUNT_RECEIVABLE_BACKUP,9373,12,2025-05-13,2025-05-13,junk
INSURANCE_DATA_TEMP,8802,32,2021-09-20,2025-07-02,junk
HISTORY_CALULATE_TERMINATE_BACKUP,8645,41,2022-06-07,2022-06-07,junk
TTP_JOB_MONITOR,7781,6,2020-09-10,2025-05-12,
PDF_FORM_BACKUP,7679,13,2022-02-08,2022-05-10,junk
LOG_RETURN_REPAYMENT,7548,24,2022-02-08,2025-05-12,
MT_POST_CODE,7537,3,2020-08-05,2022-03-17,
TTA_SUB_DISTRICT,7537,12,2020-09-05,2022-03-17,
MT_SUB_DISTRICT,7436,3,2020-08-05,2025-05-12,
PAYMENT_BACKUP,7125,25,2022-10-26,2022-10-26,junk
LOG_REPAYMENT_RESEVER,6597,20,2022-02-08,2025-05-12,
REPAYMENT_Dept,6573,46,2021-12-09,2024-05-07,
CONTRACT_WRITE_OFF_BackUP,6001,17,2024-03-21,2024-03-21,junk
MT_DownPercent,5801,27,2024-01-12,2025-05-12,
LOG_MT_SERIES,5587,12,2021-08-23,2025-05-12,
INSURANCE_DATA_Backup,5396,27,2023-08-02,2023-08-02,junk
CONTRACT_DUTY_BACKUP,5366,17,2024-01-02,2024-01-02,junk
ADDRESS_PROSPECT_GUARANTOR,5250,79,2022-01-31,2025-05-13,
RECORD_RECEIPT_PAYMENT_BACKUP,4464,19,2024-07-23,2024-07-23,junk
ASSETS_INFORMATION,4210,26,2022-07-20,2025-07-02,
MT_HP_TRADE_IN_CAMPAIGN_Backup,3734,11,2024-04-29,2024-04-29,junk
ACCOUNT_200917_1045,3585,16,2020-09-17,2020-09-17,
LOG_SIGNATURE,3504,7,2023-07-17,2025-06-01,
EFFECTIVE_RATE,3360,4,2020-08-05,2022-03-17,
ADDRESS_Dept,3273,81,2021-12-09,2022-03-17,
PERSON_Dept,3273,109,2021-12-09,2022-03-17,
PRODUCT_Dept,3273,62,2021-12-09,2022-03-17,
CONTRACT_Dept,3273,23,2021-12-09,2022-03-17,
INVOICE_Dept,3273,24,2021-12-09,2022-03-17,
ACCOUNT_LOG_BK20230809,3186,11,2023-04-26,2023-08-09,
LOG_PROSPECT_GUARANTOR_NOTPASS,2986,39,2022-01-31,2022-03-17,
CUSTOMER_CARD_TEMP_REPAIR,2895,10,2024-10-30,2024-10-30,
LOG_RESEND_SMS,2877,7,2021-09-23,2025-05-12,
LOG_RETRY_FLOW,2839,5,2022-08-22,2025-05-12,
CUSTOMER_CARD_TEMP_REPAIR_2_3,2838,10,2024-10-31,2024-10-31,
MT_COLOR,2640,5,2020-08-05,2025-07-02,
MT_UTM,2496,13,2024-01-25,2024-04-09,
AR_CUSTOMER_CARD_2023_4,2148,12,2023-05-08,2023-05-08,junk
TEMP_GEN_PDF_TERMINATE,2080,21,2023-04-06,2025-05-12,
LOG_MT_SUB_SERIES,1983,13,2021-08-23,2022-03-17,
122020,1960,14,2021-01-18,2021-01-18,
BAK_VAT_RPT,1960,18,2021-01-18,2021-01-18,
TTP_VAT_RPT_BAK,1960,18,2021-01-18,2021-01-18,junk
SETUP_PARTNER_BRANCH,1927,10,2022-07-22,2025-05-12,
SETUP_COMPANY_BRANCH,1926,15,2020-08-05,2025-07-02,
MT_SUB_SERIES,1800,7,2020-08-05,2025-07-02,
LOG_EDIT_PROSPECT_CUSTOMER,1771,9,2022-03-10,2025-05-12,
LOG_PROGRESS_PROSPEC,1601,5,2022-04-12,2025-05-12,
SETUP_COMPANY_BRANCH_BACKUP,1562,15,2024-02-16,2024-02-16,junk
MT_COLOR_BACKUP,1374,6,2022-07-19,2024-09-13,junk
LOG_EDIT_APPLICATION,1332,10,2022-03-10,2025-05-12,
TTP_PARAMETER_DATA,1287,21,2020-08-12,2025-05-12,
CUSTOMER_CARD_TEST,1227,24,2022-06-08,2022-06-09,junk
APPROVAL_HISTORY_Backup,1188,10,2023-09-22,2023-09-22,junk
PERSON_PHONE_DUP,1175,5,2022-01-05,2022-03-17,
MT_UNIVERSITY_NAME,1149,8,2021-09-22,2025-07-02,
LOG_MT_INSURE,1121,22,2021-09-23,2022-03-17,
MT_HP_TRADE_IN_CAMPAIGN,1083,10,2023-09-18,2023-09-18,
MT_SERIES,1071,8,2020-08-05,2025-10-23,
CREDIT_NOTE,1030,17,2021-08-25,2025-05-12,
LOG_CA_STATUS_REASON,1025,12,2022-01-31,2022-03-17,
TTP_CONTRACT_DUTY_RPT_BACKUP,1000,27,2023-11-16,2023-11-16,junk
ASSETS_INFORMATION_PFUND,974,27,2024-02-23,2025-06-01,
LOG_EDT_KeySerial_AssetDeliver_IMG,973,12,2021-10-26,2025-06-01,
TTA_DISTRICT,928,11,2020-09-05,2022-03-17,
MT_DISTRICT,928,3,2020-08-05,2025-07-02,
MT_SUB_SERIES_BACKUP,876,8,2022-07-19,2024-09-13,junk
CUSTOMER_CARD_TEMP1,675,26,2025-01-20,2025-01-20,junk
LOGGED_EMAIL_HEADER,667,6,2023-03-07,2025-05-12,
MT_INSURE_BACKUP,620,17,2023-07-04,2023-07-04,junk
ZZ_PRODUCT_K2_ITOS_mapping,593,12,2025-09-14,2025-09-14,
LOG_MT_UNIVERSITY_NAME,560,14,2021-10-12,2022-03-17,
K2_user,535,3,2023-09-01,2023-09-01,
backup_LOG_SCB_BILLPAYMENT_AUTO,519,9,2023-02-14,2023-02-14,
LEGAL_INACTIVECONTRACT_BAC,488,33,2025-02-18,2025-02-18,
LOG_MT_COLOR,486,11,2021-08-23,2025-05-12,
TEMP_DATA_TAXINVOICE,484,29,2026-03-24,2026-03-24,
LEGAL_INACTIVECONTRACT,453,33,2024-12-23,2025-07-02,
PROSPECT_CUSTOMER_20220208,449,50,2022-02-08,2022-02-08,junk
LOG_CA_STATUS_DESCRIPTION,428,12,2022-01-31,2025-05-12,
MT_RSM_ASM_Backup,427,4,2023-06-08,2023-06-08,junk
MT_RSM_ASM,427,3,2023-05-17,2023-05-17,
MT_INSURE_REVENUE,420,7,2021-09-20,2025-06-01,
MT_INSURE_REVENUE_BACKUP,420,7,2023-08-25,2025-06-01,junk
TRANSACTION_CREDIT_NOTE,410,10,2021-08-26,2025-06-01,
PERSON_BACKUP,402,111,2022-06-01,2022-06-01,junk
SETUP_COMPANY_BRANCH_BK_20220721,401,15,2022-07-21,2022-07-24,junk
MT_SERIES_BACKUP,349,6,2022-07-19,2022-07-19,junk
MT_INSURE,332,16,2021-09-20,2025-05-12,
LOG_EDIT_PERSON,328,9,2022-03-10,2025-05-12,
CONTRACT_ATTACHED,295,24,2020-08-05,2022-03-17,
INSURANCE_INFORM,269,6,2021-09-20,2024-05-07,
Temp_TAX_Down0,269,11,2021-08-19,2025-06-01,
ASSETS_INFORMATION_REF,238,11,2021-06-29,2024-11-06,
HISTORY_CALULATE_CLOSE_CONTRACT_BACKUP,230,23,2023-02-03,2023-02-03,junk
HPAP_CUST_BALANCE,219,12,2020-09-06,2022-03-17,
CA_STATUS_REASON,217,15,2022-01-31,2025-06-01,
MT_DownPercent_AKETEST,215,27,2022-06-30,2022-06-30,
LEGAL_INACTIVECONTRACT_BAK,209,25,2024-10-26,2025-06-01,junk
TTP_CAC_RPT_BACKUP,163,22,2024-02-19,2025-05-12,junk
PROSPECT_CUSTOMER_Backup,153,56,2023-09-07,2023-09-07,junk
EMPLOYEE,152,32,2020-08-05,2022-03-17,
RECORD_RECEIPT_PAYMENT_200917_1041,143,18,2020-09-17,2020-09-17,
Temp_Log_SP_GEN_INVOICE,136,10,2021-07-15,2025-06-01,
Temp_log_SP_HISTORY_OD,136,8,2021-08-02,2025-06-01,
NationalCreditBureau,136,66,2025-01-03,2025-07-02,
CIF_PERSON,134,48,2020-08-05,2022-03-17,
IMAGE_FILE_Recovery,130,20,2022-02-10,2022-02-10,
LTO_MT_BusinessType,120,3,2023-09-18,2023-09-18,
HPAP_CUSTOMER_DETL,119,99,2020-09-06,2022-03-17,
TEMP_DATA_RECAL,115,17,2024-12-17,2025-05-12,
MT_INSURE_BACKUPV3,102,16,2023-08-29,2025-06-01,
20250211_MIS_CustCard,102,12,2025-02-11,2025-04-28,
HPAP_CUSTOMER_MAST,100,25,2020-09-06,2022-03-17,
MT_COLLECTION_COLLECTOR,100,8,2026-05-20,2026-05-20,
EFFECTIVE_RATE_PFUND,98,4,2025-02-06,2025-02-06,
Temp_Log_GEN_INVOICEWITHBARCODE,96,14,2022-12-01,2023-05-31,
HPAP_CUSTOMER_SOCIAL,95,9,2020-09-06,2025-06-01,
IMAGE_FILE_BACKUP,91,20,2022-07-14,2022-07-14,junk
MT_INSURE_BACKUPV2,84,16,2023-08-25,2025-06-01,
RECORD_RECEIPT_PAYMENT_MISSING_AUG20,79,11,2020-09-17,2020-09-17,
NCB_CONTRACT_CLOSED,78,12,2024-05-17,2025-07-02,
MT_PROVINCE,77,3,2020-08-05,2025-03-06,
TTA_PROVINCE,77,11,2020-09-05,2025-06-01,
Temp_OD_Ratio_Unit_Balance,74,16,2021-12-03,2025-06-01,
Temp_OD_Ratio_Amount_Balance,74,16,2021-12-03,2025-06-01,
MT_OCCUPATION_Backup,69,11,2025-02-03,2025-02-03,junk
PERSON_20220208,67,110,2022-02-08,2022-02-08,junk
MT_STATUS,61,2,2020-08-05,2022-03-17,
CA_STATUS_DESCRIPTION,61,15,2022-01-31,2025-06-01,
HISTORY_RETURN_ASSETS,60,7,2020-08-05,2022-03-17,
SETUP_PRODUCT_CONDITION_DETAIL_BACKUP,60,9,2022-03-15,2022-03-15,junk
CpuUsageLogs,56,7,2023-08-29,2025-05-12,
HPAP_CUST_CONTRACT,54,14,2020-09-06,2022-03-17,
MT_REWORK_TOPIC_KEY,53,8,2025-05-27,2025-05-27,
TTP_BILLPAY_RESULT_IMP,50,12,2022-01-15,2022-03-17,
INSURANCE_DATA_TEMP_Backup,50,33,2023-08-02,2023-08-02,junk
SETUP_APPROVAL_HISTORY,50,7,2020-08-05,2022-03-17,
MT_Icare_InsurancePercent,46,14,2023-03-28,2023-03-28,
SETUP_PRODUCT_CONDITION_DETAIL,44,9,2020-08-05,2022-03-17,
TEMP_ERROR_SEND_API,44,7,2025-07-19,2025-07-19,
MT_OCCUPATION,43,10,2020-08-05,2025-02-03,
UFUNDInterface_BACKUP,43,13,2025-09-25,2025-09-25,junk
TEMP_DATA_RECEIPT,42,32,2026-03-26,2026-03-26,
TTP_ROLE_PERMISSION,40,8,2020-08-12,2022-03-17,
TTP_PERMISSION,40,18,2020-08-12,2025-06-01,
LTO_MT_OccupationType,40,3,2023-09-18,2023-09-18,
MT_GROUP_BRAND,39,12,2025-02-17,2025-02-17,
MT_BRAND,39,8,2020-08-05,2025-10-23,
SETUP_SCORING_SUBLIST,38,6,2020-08-05,2022-03-17,
HISTORY_GENERATE_Backup,37,7,2025-04-02,2025-04-02,junk
INSERT_FACULTY_ID,34,3,2021-12-28,2022-03-17,
PURCHASE_ORDER_REGEN,32,16,2022-02-08,2022-02-08,
ACCOUNT_PAYABLE,31,11,2020-08-05,2022-03-17,
PRODUCT_TEST,28,62,2022-06-08,2022-06-09,junk
SETUP_CREDIT_LIMIT,27,22,2020-08-05,2022-03-17,
SETUP_MT_MODEL_CONDITION_DETAIL,24,9,2022-04-04,2024-11-05,
LOG_Temp_TAX_Down0,24,9,2021-09-14,2022-03-17,
SETUP_UW_APR_CRITERIA,24,8,2020-08-05,2022-03-17,
MT_Ufund_Acknwoledge,24,3,2023-05-22,2023-05-22,
MT_BALLOON_INSTALLMENT,22,6,2023-09-18,2023-09-18,
MT_APPROVE_CUSTOMER_SUB_LEVEL_BACKUP,19,13,2025-04-07,2025-04-07,junk
ADDRESS_PROSPECT_CUSTOMER_BACKUP,18,80,2025-04-21,2025-04-21,junk
SUB_EMPLOYEE,17,7,2020-08-05,2022-03-17,
EFFECTIVE_RATE_UFUND,16,4,2025-03-12,2025-03-12,
TTP_PARAMETER_GROUP,16,9,2020-08-12,2022-03-17,
MT_RESIDENCE_STATUS,16,3,2020-08-05,2025-04-28,
MT_DebtContactStatus,15,8,2023-07-26,2023-07-26,
ImportBankTransaction,15,20,2025-01-02,2025-01-02,
LOG_PROGRESS_PDF,14,8,2022-03-15,2022-03-17,
MT_ACCOUNT,14,5,2020-08-05,2022-03-17,
ADDRESS_Backup,14,102,2024-09-30,2024-09-30,junk
TTP_JOB_RUNNING,14,13,2020-08-12,2022-03-17,
EFFECTIVE_RATE_UFUND_Backup,14,5,2025-03-06,2025-03-06,junk
MT_BRANCH_TYPE,13,10,2020-08-05,2025-03-07,
MT_PARTNER_TYPE,12,2,2020-08-05,2022-03-17,
MT_ICARE_InsurancePercent_master,12,7,2023-03-28,2023-03-28,
ADDRESS_NONBUSINESS,12,39,2020-08-05,2022-03-17,
TTP_EDC_TID_DATA,11,7,2021-08-13,2022-03-17,
MT_SALARY_RANGE,11,4,2025-02-17,2025-02-17,
MT_COLLECTION,11,2,2020-08-05,2022-03-17,
MT_BANK_ACCOUNT,11,4,2026-04-27,2026-04-27,
MT_GROUP_CA,11,11,2024-05-30,2025-06-01,
MT_BANK,10,3,2020-08-05,2025-02-17,
SETUP_GUARANTOR_CONDITION,10,8,2022-01-31,2022-03-17,
SETUP_SCORING_LIST,10,5,2020-08-05,2022-03-17,
MT_APPROVE_CUSTOMER_BACKUP,9,6,2025-04-07,2025-04-07,junk
MT_DISEASE,9,3,2023-03-28,2023-03-28,
MT_APPROVE_CUSTOMER,9,5,2023-09-18,2025-04-01,
MT_GROUP_CA_CONDITION,9,10,2024-05-30,2024-05-30,
MT_SMS,9,3,2022-04-27,2022-04-27,
MT_INSTALLMENT,9,4,2025-02-06,2025-05-05,
Temp_Performance_Month,8,16,2020-11-10,2022-03-17,
Temp_Performance_DateRange,8,4,2020-11-13,2022-03-17,
MT_CATEGORY,8,6,2020-08-05,2022-03-17,
SETUP_PARTNER_BRANCH_Backup,8,11,2025-03-06,2025-03-06,junk
MT_INSURE_BRAND,8,6,2024-06-17,2024-06-17,
MT_LEVEL_TYPE,8,2,2020-08-05,2022-03-17,
MT_LEVEL,8,2,2020-08-05,2022-03-17,
MT_BRAND_BACKUP,8,7,2022-07-19,2024-09-25,junk
MT_CATEGORY_BACKUP,7,6,2022-07-19,2022-07-19,junk
MT_SETUP_STATUS,7,2,2020-08-05,2022-03-17,
MT_HUB,7,2,2020-08-05,2020-08-05,
MT_DOWN,7,2,2020-08-05,2022-03-17,
MT_ZONE,7,3,2021-09-22,2022-03-17,
MT_APPROVE_CUSTOMER_SUB_LEVEL,7,15,2025-05-26,2025-05-26,
MT_PERFORMANCE_TYPE,6,2,2020-08-05,2022-03-17,
MT_PASS_NOTPASS,6,2,2020-08-05,2022-03-17,
LOG_MT_FACULTY,6,13,2021-10-12,2022-03-17,
MT_SMS_OTP,6,11,2024-06-25,2024-11-06,
MT_MARITAL_STATUS,6,2,2020-08-05,2022-03-17,
SETUP_PARTNER_BACKUP,6,54,2025-03-10,2025-03-10,junk
SETUP_AUTHORIZED_APPROVE_LIST,6,5,2020-08-05,2022-03-17,
SETUP_MT_MODEL_CONDITION,6,5,2022-04-04,2024-11-05,
SETUP_PARTNER,6,53,2020-08-05,2022-03-17,
API_Auth_User,5,7,2024-05-28,2024-10-02,
MT_ADDRESS_TYPE,5,2,2020-08-05,2022-03-17,
MT_TYPE_PAYMENT,5,2,2020-08-05,2022-03-17,
MT_REPAY_TYPE,5,2,2020-08-05,2022-03-17,
MT_RELATIONSHIP_REF,5,2,2020-08-05,2022-03-17,
MT_BLACKLIST_LEVEL,5,5,2021-09-07,2022-03-17,
MT_INSURE_COMPANY,5,6,2024-06-17,2024-06-17,
MT_ACCOUNT_CATEGORY,5,4,2023-08-02,2025-03-06,
MT_CUSTOMER_TYPE,4,2,2020-08-05,2022-03-17,
MT_OCCU_GROUP_TYPE,4,2,2021-10-10,2022-03-17,
backup_LOG_SCB_BILLPAYMENT,4,20,2023-02-14,2023-02-14,
MT_Cal_Install,4,13,2023-08-10,2023-08-10,
MT_PREFIX,4,2,2020-08-05,2022-03-17,
MT_RQ_TYPE_REJECT,4,4,2021-03-03,2022-03-17,
SETUP_COMPANY,4,39,2020-08-05,2022-03-17,
LOG_COMMON,4,6,2023-10-10,2023-10-10,
MT_CUSTOMER_SIM,3,3,2024-05-24,2024-05-24,
TEMPLATE_IMPORT_EXCEL,3,3,2023-09-18,2023-09-18,
MT_Test,3,2,2022-01-18,2022-03-17,junk
MT_PREFIX_ENG,3,3,2023-09-18,2023-09-18,
MT_TYPE_APPROVAL,3,4,2025-06-10,2025-06-10,
LOG_SETUP_GuarantorOCCU,3,11,2022-03-22,2022-03-22,
LOG_GUARANTOR_CONDITION,3,13,2022-03-22,2022-03-22,
LineUsers,3,7,2023-09-01,2023-09-01,
FeeControl,3,7,2025-03-06,2025-03-06,
MT_Project,3,9,2024-03-19,2024-05-21,
MT_PACKAGE_SIM_GROUP_BU,3,8,2025-02-17,2025-02-17,
SETUP_PRODUCT_CONDITION,3,22,2022-06-20,2022-06-20,
MT_PAY_TYPE,3,2,2020-08-05,2022-03-17,
MT_CONTACT_CATEGORY,3,12,2022-01-31,2022-03-17,
MT_IDCARD_TYPE,3,2,2020-08-05,2022-03-17,
MT_Cal_Down,3,13,2023-08-10,2023-08-10,
CA_STATUS,3,14,2022-01-31,2022-03-17,
MT_OCCU_GROUP_RISK,3,2,2021-10-10,2022-03-17,
MT_OCCU_GROUP_INCOME,2,2,2021-10-10,2022-03-17,
MT_GROUP_CA_TYPE,2,8,2024-05-30,2024-05-30,
MT_APPROVE_TYPE,2,2,2020-08-05,2022-03-17,
MT_CONTACT_RESULT,2,2,2020-08-05,2022-03-17,
MT_REMARK_CREDIT_NOTE,2,3,2021-08-26,2022-03-17,
TASK_SCHEDULER_QUEUE,2,16,2024-02-29,2025-02-11,
HISTORY_RQ_REJECT_APP_Backup,2,12,2025-07-14,2025-07-14,junk
MT_GENDER,2,2,2020-08-05,2022-03-17,
MT_HP_INTEREST_TYPE,2,2,2020-08-05,2022-03-17,
MT_PRODUCT_TYPE,2,3,2020-08-05,2022-03-17,
MT_SOURCE_INCOME_PERSON,2,3,2025-02-03,2025-02-03,
MT_INSURE_BRAND_BACKUP,2,6,2023-08-25,2023-08-25,junk
MT_INSURE_COMPANY_BACKUP,2,6,2023-08-25,2023-08-25,junk
serverRegisteration,2,4,2023-08-28,2023-08-29,
MT_REASON_RETURN_ASSETS,2,2,2020-08-05,2022-03-17,
GUARANTOR_Backup,2,43,2023-12-26,2023-12-26,junk
MT_AddressKYC,2,11,2022-06-22,2022-06-22,
MT_PAY_TYPE_INSURANCE,2,2,2020-08-05,2022-03-17,
MT_Cal_Interest,2,13,2023-08-10,2023-08-10,
MT_DELIVERY_TYPE,2,14,2021-09-20,2022-03-17,
MT_Narcotic,2,3,2023-03-28,2023-03-28,
MT_SOURCE_INCOME,2,2,2020-08-05,2022-03-17,
ASSETS_INFORMATION_REF_Backup,2,12,2025-03-06,2025-03-06,junk
MT_TRADE_IN_TYPE,2,2,2023-09-18,2023-09-18,
SETUP_AUTHORIZED_APPROVE,2,12,2020-08-05,2022-03-17,
MT_DOWN_TYPE,2,3,2024-04-10,2024-04-10,
MT_HP_BALLOON,2,2,2023-09-18,2024-11-07,
MT_Debt_Group_Status,2,3,2023-07-26,2023-07-26,
MT_HP_LOAN,2,3,2023-09-21,2023-09-21,
SETUP_SCORING,2,12,2020-08-05,2022-03-17,
MT_DownPercent_Pfund,1,27,2023-09-27,2023-09-27,
SETUP_PARTNER_EMPLOYEE,1,13,2020-08-05,2022-03-17,
SETUP_MT_MODEL,1,5,2022-04-04,2024-11-05,
SETUP_UW_APR,1,8,2020-08-05,2022-03-17,
DocumentAttachmentsContract,1,15,2024-05-16,2024-05-16,
TTP_VERSION,1,4,2020-08-12,2022-03-17,
MT_SUBJECT,1,4,2020-08-05,2022-03-17,
BLACKLIST_Backup,1,13,2025-06-16,2025-06-16,junk
TTP_COMPANY_DATA,1,29,2020-09-05,2022-03-17,
TTP_ROLE,1,7,2020-08-12,2022-03-17,
TTP_USER,1,17,2020-08-12,2022-03-17,
MastersUserGroup,1,5,2023-09-01,2023-09-01,
API_KEY,1,8,2024-08-08,2024-08-08,
MT_TFF_PROJECT,1,8,2023-03-28,2023-03-28,
MT_NATIONALITY,1,2,2020-08-05,2022-03-17,
MT_PAY_DOWN_TYPE,1,2,2020-08-05,2022-03-17,
MT_WORK_SCHEDULE,1,13,2021-09-30,2022-03-17,
TTA_COUNTRY,1,13,2020-09-05,2022-03-17,
MT_RACE,1,2,2020-08-05,2022-03-17,
TTP_API_KEY,1,9,2020-08-12,2022-03-17,
BILLPAY_TEMPLATE,1,2,2022-03-14,2022-03-17,
MT_UNIVERSITY_NAME_Backup,1,9,2025-03-06,2025-03-06,junk
MT_CAMPUS,1,4,2020-08-05,2022-03-17,
REPAYMENT_AR,0,46,2025-03-06,2025-03-06,
TestDBTranfers,0,3,2023-10-30,2023-10-30,
Privileges,0,9,2025-03-06,2025-03-06,
PRODUCT_CHECK_TRADEIN,0,15,2025-03-06,2025-03-06,
MT_SPECIAL_CONDITION,0,8,2025-03-06,2025-03-06,
CNG_PASSWORD,0,5,2023-07-31,2023-07-31,
LOG_MT_MODEL_CONDITION,0,11,2022-04-05,2022-04-05,
MT_TRADEIN_CALL,0,2,2025-03-06,2025-03-06,
APPROVAL,0,7,2020-08-05,2024-11-06,
TEMP_TaskWorkFlowK2_API,0,5,2025-01-23,2025-01-23,
MEMBER,0,20,2023-11-09,2023-11-09,
Temp_log_GEN_INVWBARCODE,0,8,2025-03-06,2025-03-06,
QueryLog,0,4,2024-11-06,2024-11-06,
RSM_ASM,0,6,2025-03-06,2025-03-06,
REPAYMENT_TEST_DayEnd,0,46,2025-03-06,2025-03-06,
BANNER,0,14,2023-11-09,2023-11-09,
TASK_SCHEDULER_QUEUE_DETAILED,0,9,2024-02-29,2024-05-17,
KIT_TEST,0,1,2023-06-12,2023-06-12,junk
JURISTIC,0,37,2020-08-05,2022-03-17,
FoodSale,0,9,2023-07-20,2023-07-20,
REPAY_TRANSACTION,0,2,2020-08-05,2022-03-17,
LOGS_BLACKLIST_LEVEL,0,10,2021-09-07,2022-03-17,
LOGS_BLACKLIST_UNLOCK,0,7,2021-09-07,2022-03-17,
MT_BLACKLIST_UNLOCK,0,2,2021-09-07,2022-03-17,
REPAYMENT_20220224,0,46,2022-02-24,2022-03-17,junk
TTP_PAYMENT_NOTIFY,0,13,2021-09-23,2022-03-17,
PURCHASE_VOUCHER_DETAIL,0,7,2020-08-05,2022-03-17,
TTP_FIN_PAYMENT_RPT,0,26,2020-09-05,2022-03-17,
RECORD_REPAYMENT,0,22,2020-08-05,2022-03-17,
PRODUCT_INFORMATION,0,96,2020-08-05,2022-03-17,
TTP_BILLPAY_LOAD_STG,0,1,2022-01-15,2022-01-15,
MT_UPHONE_PERCENT_SRP_DG,0,8,2025-08-15,2025-08-15,
PaymentDetail,0,29,2025-01-02,2025-01-02,
LOG_GUARANTOR_REJECT,0,40,2022-01-31,2022-03-17,
PaymentHeader,0,18,2025-01-02,2025-01-02,
TTP_STOCK_MS,0,8,2020-08-12,2022-03-17,
Events,0,10,2025-03-06,2025-03-06,
CUSTOMER_CARD_AR,0,26,2025-03-06,2025-03-06,
CONTRACT_AR,0,27,2025-03-06,2025-03-06,
CUSTOMER_CARD_Repair,0,26,2025-03-06,2025-03-06,
ACCOUNT_TEST_DayEnd,0,16,2025-03-06,2025-03-06,
ACCOUNT_RECEIVABLE_TEST_DayEnd,0,11,2025-03-06,2025-03-06,
LOG_MT_Icare_Insurance,0,14,2023-03-28,2023-03-28,
CONFIG_USER_WORKFLOW,0,4,2025-03-06,2025-03-06,
sysdiagrams,0,5,2021-10-04,2021-10-04,
CONTACT_DEBT_MANAGEMENT,0,17,2025-03-06,2025-03-06,
LOG_REPAIR_VatGL,0,8,2025-03-06,2025-03-06,
LTO_MT_ReferenceRelation,0,2,2025-03-06,2025-03-06,
LTO_MT_Occupation,0,2,2025-03-06,2025-03-06,
TTP_STOCK_MOVEMENT_HIST,0,30,2020-08-05,2022-03-17,
LOG_MT_EVENT,0,13,2025-03-06,2025-03-06,
LOG_CALLHTTP_CLIENT,0,6,2025-03-06,2025-03-06,
LINE_WEBHOOK_REQUEST,0,6,2025-03-06,2025-03-06,
LOG_Quotation_Branch,0,11,2021-09-10,2022-03-17,
LOG_DayEnd_Receipt,0,5,2025-03-06,2025-03-06,
TEMP_MT_MODEL_CONDITION,0,8,2022-04-04,2024-11-05,
LOG_CLONE_QUOTATION,0,5,2023-01-25,2023-01-25,
MT_ACCOUNT_CODE,0,8,2025-03-06,2025-03-06,
MT_CAMPAIGN,0,24,2025-03-06,2025-03-06,
DocumentAttachments_ConvertLog,0,9,2024-05-16,2024-05-16,
TEMP_MT_MODEL_CONDITION_DETAIL,0,12,2022-04-04,2024-11-05,
MT_CHECKLIST,0,2,2025-03-06,2025-03-06,
LOG_MT_MODEL_CONDITION_DETAIL,0,15,2022-04-05,2022-04-05,
MT_DS_IMAGE,0,8,2025-03-06,2025-03-06,
MT_FACULTY_Backup,0,8,2025-03-06,2025-03-06,junk
LOG_MT_MODEL,0,11,2022-04-05,2022-04-05,
MT_EVENT,0,9,2025-03-06,2025-03-06,
MT_PACKAGE_SIM_MIS,0,14,2025-03-06,2025-03-06,
MT_Reject_Type,0,2,2025-03-06,2025-03-06,
MEMBER_DESIGN,0,12,2025-03-06,2025-03-06,
MEMBER_ADDRESS,0,23,2025-03-06,2025-03-06,
MAS_AttachmentsType,0,10,2025-03-06,2025-03-06,
lvlDownPercents,0,7,2025-03-06,2025-03-06,
PERSON_File_Attached,0,13,2023-09-18,2023-09-18,
LOGS_BRANCH_TYPE,0,9,2021-08-06,2022-03-17,
MEMBER_META,0,8,2025-03-06,2025-03-06,
MEMBER_MIN,0,25,2025-03-06,2025-03-06,
SETUP_MT_MODEL_INPUT,0,5,2022-04-04,2022-04-04,
MEMBER_OCCUPATION,0,24,2025-03-06,2025-03-06,
PURCHASE_VOUCHER,0,9,2020-08-13,2022-03-17,
MEMBER_UNIVERSITY,0,15,2025-03-06,2025-03-06,
AR_CUSTOMERCARD_DEMO,0,15,2023-05-01,2023-05-01,junk
MEMBER_REFERENCES,0,11,2025-03-06,2025-03-06,
